snapshot,src_student,dst_student,src_class,dst_class,src_gender,dst_gender,same_class,importance
0,616,661,PC,PC,M,M,True,0.74535275
0,601,823,PC,PC*,M,M,False,0.72935343
0,893,896,PC*,PC*,M,M,True,0.71994287
0,1190,1658,MP*1,MP*1,M,M,True,0.709916
0,636,869,PC,PSI*,M,M,False,0.6997478
0,1613,1678,MP*1,MP*1,M,M,True,0.60996133
0,696,823,PC,PC*,F,M,False,0.60898453
0,1660,1679,MP*1,MP*1,F,M,True,0.60299873
0,889,892,PC*,PC*,M,M,True,0.58934939
0,823,890,PC*,PC*,M,M,True,0.56778538
0,652,682,PC,PC,M,M,True,0.56778532
0,864,880,PSI*,PC*,M,M,False,0.56518948
0,664,867,PSI*,PSI*,F,M,True,0.5635978
0,848,1651,PSI*,MP*1,M,M,False,0.55914515
0,626,817,PC,PC*,M,F,False,0.54739642
0,1613,1672,MP*1,MP*1,M,M,True,0.54450637
0,1618,1629,MP*1,MP*1,M,M,True,0.5327574
0,652,683,PC,PC,M,F,True,0.52681339
0,652,891,PC,PC*,M,M,False,0.52651662
0,804,853,PC*,PSI*,M,F,False,0.50793457
0,882,886,PC*,PC*,M,M,True,0.50000024
0,875,882,PC*,PC*,M,M,True,0.50000024
0,830,834,PSI*,PSI*,M,M,True,0.5
0,888,890,PC*,PC*,M,M,True,0.5
0,883,889,PC*,PC*,M,M,True,0.5
0,882,896,PC*,PC*,M,M,True,0.49814096
0,894,896,PC*,PC*,M,M,True,0.49814093
0,1144,1662,MP*1,MP*1,F,F,True,0.49202329
0,618,847,PC,PC*,F,F,False,0.49096155
0,803,849,PC*,PC*,F,F,True,0.48797983
0,644,696,PC,PC,F,F,True,0.48797983
0,686,696,PC,PC,F,F,True,0.48797983
0,814,895,PC*,PC*,F,F,True,0.48215723
0,698,817,PC,PC*,M,F,False,0.48112255
0,817,847,PC*,PC*,F,F,True,0.46962705
0,1170,1613,MP*1,MP*1,M,M,True,0.46218008
0,857,1657,PSI*,MP*1,M,M,False,0.44653228
0,609,815,PC,PC*,M,M,False,0.43850926
0,694,896,PC,PC*,F,M,False,0.41647625
0,636,643,PC,PC,M,F,True,0.41595834
0,1164,1657,MP*1,MP*1,M,M,True,0.41578418
0,851,855,PSI*,PSI*,M,F,True,0.4017486
0,1660,1662,MP*1,MP*1,F,F,True,0.39508343
0,841,864,PSI*,PSI*,F,M,True,0.39203542
0,1649,1651,MP*1,MP*1,F,M,True,0.38511798
0,654,694,PC,PC,M,F,True,0.3690452
0,643,667,PC,PC,F,F,True,0.36608714
0,1645,1657,MP*1,MP*1,M,M,True,0.36008826
0,616,847,PC,PC*,M,F,False,0.35891652
0,1492,1657,MP*1,MP*1,M,M,True,0.35341713
0,1613,1671,MP*1,MP*1,M,M,True,0.33462891
0,821,882,PC*,PC*,M,M,True,0.33333343
0,821,894,PC*,PC*,M,M,True,0.33333343
0,892,895,PC*,PC*,M,F,True,0.32753623
0,654,667,PC,PC,M,F,True,0.30779016
0,610,690,PC,PC,M,M,True,0.30731657
0,849,868,PC*,PSI*,F,M,False,0.30243373
0,610,613,PC,PC,M,M,True,0.30075896
0,1148,1679,MP*1,MP*1,M,M,True,0.29782856
0,1613,1674,MP*1,MP*1,M,M,True,0.28927585
0,1190,1632,MP*1,MP*1,M,M,True,0.28718463
0,643,892,PC,PC*,F,M,False,0.27990496
0,658,683,PC,PC,M,F,True,0.27893281
0,1108,1618,MP*1,MP*1,M,M,True,0.27716112
0,683,847,PC,PC*,F,F,False,0.2770797
0,841,849,PSI*,PC*,F,F,False,0.27677545
0,658,815,PC,PC*,M,M,False,0.27138719
0,1144,1629,MP*1,MP*1,F,M,True,0.27132839
0,841,855,PSI*,PSI*,F,F,True,0.27034861
0,1144,1601,MP*1,MP*1,F,M,True,0.26837459
0,1190,1671,MP*1,MP*1,M,M,True,0.26774737
0,1622,1657,MP*1,MP*1,M,M,True,0.2676512
0,810,855,PSI*,PSI*,M,F,True,0.26722538
0,810,873,PSI*,PSI*,M,F,True,0.26146635
0,610,683,PC,PC,M,F,True,0.2587769
0,854,871,PSI*,PSI*,F,M,True,0.25847077
0,854,866,PSI*,PSI*,F,M,True,0.25847077
0,634,854,PSI*,PSI*,M,F,True,0.25847077
0,609,652,PC,PC,M,M,True,0.25805271
0,636,880,PC,PC*,M,M,False,0.25794494
0,600,613,PC,PC,F,M,True,0.25617123
0,1144,1190,MP*1,MP*1,F,M,True,0.25393134
0,660,894,PC,PC*,M,M,False,0.25000012
0,660,891,PC,PC*,M,M,False,0.25000012
0,660,682,PC,PC,M,M,True,0.24999988
0,600,609,PC,PC,F,M,True,0.24914394
0,1144,1148,MP*1,MP*1,F,M,True,0.24892417
0,651,683,PC,PC,M,F,True,0.24524561
0,1148,1190,MP*1,MP*1,M,M,True,0.24410534
0,810,853,PSI*,PSI*,M,F,True,0.24305761
0,1632,1667,MP*1,MP*1,M,M,True,0.24234137
0,1613,1649,MP*1,MP*1,M,F,True,0.24206042
0,1144,1644,MP*1,MP*1,F,M,True,0.2351996
0,855,873,PSI*,PSI*,F,F,True,0.23365936
0,1492,1651,MP*1,MP*1,M,M,True,0.2318666
0,826,868,PSI*,PSI*,M,M,True,0.22742653
0,866,871,PSI*,PSI*,M,M,True,0.22614089
0,634,871,PSI*,PSI*,M,M,True,0.22614089
0,634,866,PSI*,PSI*,M,M,True,0.22614089
0,623,683,PC,PC,F,F,True,0.22098672
0,848,1492,PSI*,MP*1,M,M,False,0.22042742
0,1148,1181,MP*1,MP*1,M,M,True,0.22021009
0,1144,1667,MP*1,MP*1,F,M,True,0.22018397
0,892,896,PC*,PC*,M,M,True,0.21928625
0,868,873,PSI*,PSI*,M,F,True,0.21923524
0,626,698,PC,PC,M,M,True,0.21863844
0,851,853,PSI*,PSI*,M,F,True,0.21751009
0,690,692,PC,PC,M,M,True,0.21641669
0,600,634,PC,PSI*,F,M,False,0.21488895
0,600,871,PC,PSI*,F,M,False,0.21488895
0,600,866,PC,PSI*,F,M,False,0.21488895
0,643,683,PC,PC,F,F,True,0.21398574
0,1649,1657,MP*1,MP*1,F,M,True,0.20883459
0,1601,1644,MP*1,MP*1,M,M,True,0.20869705
0,853,855,PSI*,PSI*,F,F,True,0.20802653
0,853,873,PSI*,PSI*,F,F,True,0.19724798
0,1629,1644,MP*1,MP*1,M,M,True,0.1962809
0,1667,1674,MP*1,MP*1,M,M,True,0.1961287
0,1170,1678,MP*1,MP*1,M,M,True,0.19501933
0,1657,1679,MP*1,MP*1,M,M,True,0.18875563
0,1601,1613,MP*1,MP*1,M,M,True,0.18831559
0,683,692,PC,PC,F,M,True,0.18708991
0,616,651,PC,PC,M,M,True,0.18349424
0,853,864,PSI*,PSI*,F,M,True,0.17695963
0,1108,1645,MP*1,MP*1,M,M,True,0.17404345
0,867,868,PSI*,PSI*,M,M,True,0.17333661
0,1651,1674,MP*1,MP*1,M,M,True,0.17314804
0,609,690,PC,PC,M,M,True,0.17295521
0,1622,1651,MP*1,MP*1,M,M,True,0.17219809
0,654,658,PC,PC,M,M,True,0.17218497
0,623,651,PC,PC,F,M,True,0.16983514
0,826,1613,PSI*,MP*1,M,M,False,0.16948399
0,1108,1632,MP*1,MP*1,M,M,True,0.16717407
0,616,623,PC,PC,M,F,True,0.16647235
0,1181,1613,MP*1,MP*1,M,M,True,0.16313982
0,610,623,PC,PC,M,F,True,0.16265239
0,610,654,PC,PC,M,M,True,0.16251072
0,1644,1667,MP*1,MP*1,M,M,True,0.15920842
0,1629,1667,MP*1,MP*1,M,M,True,0.15920842
0,1651,1657,MP*1,MP*1,M,M,True,0.15481427
0,651,654,PC,PC,M,M,True,0.15408212
0,1170,1672,MP*1,MP*1,M,M,True,0.15183119
0,1671,1672,MP*1,MP*1,M,M,True,0.15183119
0,826,1657,PSI*,MP*1,M,M,False,0.15144634
0,1144,1613,MP*1,MP*1,F,M,True,0.15014194
0,1108,1144,MP*1,MP*1,M,F,True,0.14741591
0,1181,1657,MP*1,MP*1,M,M,True,0.1453737
0,690,815,PC,PC*,M,M,False,0.14505176
0,682,891,PC,PC*,M,M,False,0.14407158
0,889,890,PC*,PC*,M,M,True,0.14407155
0,613,658,PC,PC,M,M,True,0.14231063
0,616,683,PC,PC,M,F,True,0.1415925
0,616,692,PC,PC,M,M,True,0.14059944
0,623,654,PC,PC,F,M,True,0.1393539
0,692,698,PC,PC,M,M,True,0.13886383
0,1108,1601,MP*1,MP*1,M,M,True,0.13650279
0,636,851,PC,PSI*,M,M,False,0.1342462
0,1190,1667,MP*1,MP*1,M,M,True,0.13346705
0,1144,1657,MP*1,MP*1,F,M,True,0.13203241
0,609,658,PC,PC,M,M,True,0.13166997
0,1108,1622,MP*1,MP*1,M,M,True,0.13095288
0,891,894,PC*,PC*,M,M,True,0.12546478
0,658,690,PC,PC,M,M,True,0.12518057
0,623,692,PC,PC,F,M,True,0.12356654
0,651,692,PC,PC,M,M,True,0.11582357
0,654,692,PC,PC,M,M,True,0.11582357
0,1108,1629,MP*1,MP*1,M,M,True,0.11069905
0,857,1622,PSI*,MP*1,M,M,False,0.11069359
0,857,1181,PSI*,MP*1,M,M,False,0.11069354
0,857,1164,PSI*,MP*1,M,M,False,0.11069354
0,826,857,PSI*,PSI*,M,M,True,0.11069354
0,610,658,PC,PC,M,M,True,0.11054797
0,823,868,PC*,PSI*,M,M,False,0.10776125
0,1170,1632,MP*1,MP*1,M,M,True,0.10756398
0,1170,1671,MP*1,MP*1,M,M,True,0.10756398
0,616,654,PC,PC,M,M,True,0.10708238
0,826,1651,PSI*,MP*1,M,M,False,0.10579067
0,1108,1613,MP*1,MP*1,M,M,True,0.10461915
0,1108,1644,MP*1,MP*1,M,M,True,0.10461915
0,1492,1645,MP*1,MP*1,M,M,True,0.10367906
0,1492,1674,MP*1,MP*1,M,M,True,0.10367906
0,1632,1671,MP*1,MP*1,M,M,True,0.10109999
0,1181,1651,MP*1,MP*1,M,M,True,0.10040534
0,851,864,PSI*,PSI*,M,M,True,0.10012197
0,1164,1622,MP*1,MP*1,M,M,True,0.09736934
0,1164,1645,MP*1,MP*1,M,M,True,0.09736928
0,826,1164,PSI*,MP*1,M,M,False,0.09736928
0,1164,1181,MP*1,MP*1,M,M,True,0.09736928
0,636,892,PC,PC*,M,M,False,0.09484722
0,636,864,PC,PSI*,M,M,False,0.09484722
0,1108,1657,MP*1,MP*1,M,M,True,0.09469377
0,1622,1645,MP*1,MP*1,M,M,True,0.09317369
0,1181,1645,MP*1,MP*1,M,M,True,0.09317365
0,1108,1667,MP*1,MP*1,M,M,True,0.08762715
0,658,692,PC,PC,M,M,True,0.08631734
0,1181,1674,MP*1,MP*1,M,M,True,0.08536186
0,826,1674,PSI*,MP*1,M,M,False,0.08536186
0,610,692,PC,PC,M,M,True,0.08498278
0,851,868,PSI*,PSI*,M,M,True,0.0848088
0,636,868,PC,PSI*,M,M,False,0.07935873
0,864,892,PSI*,PC*,M,M,False,0.07616212
0,1181,1622,MP*1,MP*1,M,M,True,0.07153296
0,826,1622,PSI*,MP*1,M,M,False,0.07153296
0,864,868,PSI*,PSI*,M,M,True,0.06674306
0,868,892,PSI*,PC*,M,M,False,0.06663997
0,826,1181,PSI*,MP*1,M,M,False,0.05764207
1,1190,1658,MP*1,MP*1,M,M,True,0.70556384
1,636,869,PC,PSI*,M,M,False,0.70556384
1,1108,1628,MP*1,MP*1,M,M,True,0.66093594
1,849,875,PC*,PC*,F,M,True,0.61759841
1,1660,1679,MP*1,MP*1,F,M,True,0.60568959
1,652,683,PC,PC,M,F,True,0.594001
1,845,848,PSI*,PSI*,F,M,True,0.58143318
1,821,824,PC*,PC*,M,F,True,0.5723139
1,849,893,PC*,PC*,F,M,True,0.56580144
1,804,853,PC*,PSI*,M,F,False,0.54734379
1,807,875,PC*,PC*,M,M,True,0.53950262
1,1613,1678,MP*1,MP*1,M,M,True,0.53348565
1,803,880,PC*,PC*,F,M,True,0.53163028
1,830,848,PSI*,PSI*,M,M,True,0.51047647
1,883,889,PC*,PC*,M,M,True,0.50000012
1,656,682,PC,PC,M,M,True,0.50000012
1,830,834,PSI*,PSI*,M,M,True,0.5
1,888,890,PC*,PC*,M,M,True,0.5
1,696,823,PC,PC*,F,M,False,0.49743974
1,806,1632,PC*,MP*1,M,M,False,0.4931266
1,814,895,PC*,PC*,F,F,True,0.48868924
1,889,892,PC*,PC*,M,M,True,0.48447329
1,862,863,PSI*,PSI*,F,F,True,0.48307335
1,618,847,PC,PC*,F,F,False,0.47497588
1,892,897,PC*,PC*,M,M,True,0.47467735
1,819,882,PC*,PC*,F,M,True,0.45023331
1,821,886,PC*,PC*,M,M,True,0.44789851
1,698,817,PC,PC*,M,F,False,0.44728681
1,636,643,PC,PC,M,F,True,0.43096679
1,851,857,PSI*,PSI*,M,M,True,0.42587346
1,1657,1662,MP*1,MP*1,M,F,True,0.42549106
1,660,681,PC,PC,M,F,True,0.42391127
1,694,896,PC,PC*,F,M,False,0.42284587
1,654,694,PC,PC,M,F,True,0.4196347
1,1618,1629,MP*1,MP*1,M,M,True,0.41875738
1,609,616,PC,PC,M,M,True,0.41646165
1,1657,1672,MP*1,MP*1,M,M,True,0.41495034
1,634,682,PSI*,PC,M,M,False,0.40603453
1,841,864,PSI*,PSI*,F,M,True,0.39860064
1,1645,1657,MP*1,MP*1,M,M,True,0.39592516
1,851,855,PSI*,PSI*,M,F,True,0.39181393
1,676,867,PSI*,PSI*,M,M,True,0.39041328
1,1660,1662,MP*1,MP*1,F,F,True,0.38653278
1,803,849,PC*,PC*,F,F,True,0.38442695
1,658,815,PC,PC*,M,M,False,0.36838672
1,866,894,PSI*,PC*,M,M,False,0.35878634
1,819,822,PC*,PC*,F,F,True,0.35323399
1,1613,1671,MP*1,MP*1,M,M,True,0.35130224
1,1148,1679,MP*1,MP*1,M,M,True,0.34470284
1,806,822,PC*,PC*,M,F,True,0.34269863
1,892,895,PC*,PC*,M,F,True,0.34069893
1,664,676,PSI*,PSI*,F,M,True,0.33865243
1,623,661,PC,PC,F,M,True,0.3355622
1,1649,1651,MP*1,MP*1,F,M,True,0.32870555
1,658,683,PC,PC,M,F,True,0.32409996
1,676,873,PSI*,PSI*,M,F,True,0.30938965
1,1164,1657,MP*1,MP*1,M,M,True,0.3084957
1,1613,1672,MP*1,MP*1,M,M,True,0.30775434
1,1622,1657,MP*1,MP*1,M,M,True,0.30465475
1,613,616,PC,PC,M,M,True,0.30233118
1,890,893,PC*,PC*,M,M,True,0.29891029
1,626,817,PC,PC*,M,F,False,0.29440767
1,1190,1671,MP*1,MP*1,M,M,True,0.29239771
1,626,847,PC,PC*,M,F,False,0.2914263
1,616,661,PC,PC,M,M,True,0.2857599
1,601,644,PC,PC,M,F,True,0.28443438
1,1170,1613,MP*1,MP*1,M,M,True,0.28437972
1,626,698,PC,PC,M,M,True,0.2812674
1,644,696,PC,PC,F,F,True,0.2758024
1,841,855,PSI*,PSI*,F,F,True,0.27517998
1,810,855,PSI*,PSI*,M,F,True,0.26988506
1,849,868,PC*,PSI*,F,M,False,0.2687892
1,882,886,PC*,PC*,M,M,True,0.26750776
1,841,849,PSI*,PC*,F,F,False,0.26641047
1,849,895,PC*,PC*,F,F,True,0.26357323
1,644,817,PC,PC*,F,F,False,0.26105642
1,686,696,PC,PC,F,F,True,0.25767145
1,1613,1649,MP*1,MP*1,M,F,True,0.25624812
1,1613,1674,MP*1,MP*1,M,M,True,0.25529376
1,601,863,PC,PSI*,M,F,False,0.25472862
1,810,873,PSI*,PSI*,M,F,True,0.25400418
1,880,897,PC*,PC*,M,M,True,0.25078437
1,690,692,PC,PC,M,M,True,0.24990922
1,643,892,PC,PC*,F,M,False,0.24577926
1,810,853,PSI*,PSI*,M,F,True,0.24546607
1,806,819,PC*,PC*,M,F,True,0.24308932
1,681,686,PC,PC,F,F,True,0.24113536
1,643,667,PC,PC,F,F,True,0.24043077
1,1148,1190,MP*1,MP*1,M,M,True,0.23914692
1,823,890,PC*,PC*,M,M,True,0.23797008
1,683,686,PC,PC,F,F,True,0.23422232
1,643,683,PC,PC,F,F,True,0.23305303
1,806,871,PC*,PSI*,M,M,False,0.23301682
1,1492,1657,MP*1,MP*1,M,M,True,0.22457176
1,601,854,PC,PSI*,M,F,False,0.22267304
1,817,847,PC*,PC*,F,F,True,0.22199984
1,1148,1181,MP*1,MP*1,M,M,True,0.22155336
1,1649,1657,MP*1,MP*1,F,M,True,0.22084045
1,1164,1644,MP*1,MP*1,M,M,True,0.21754993
1,868,873,PSI*,PSI*,M,F,True,0.21494675
1,1108,1618,MP*1,MP*1,M,M,True,0.20983043
1,600,634,PC,PSI*,F,M,False,0.20721188
1,851,853,PSI*,PSI*,M,F,True,0.20701572
1,1601,1644,MP*1,MP*1,M,M,True,0.20513681
1,1601,1629,MP*1,MP*1,M,M,True,0.20513679
1,848,1492,PSI*,MP*1,M,M,False,0.20490992
1,683,696,PC,PC,F,F,True,0.20236564
1,601,613,PC,PC,M,M,True,0.19977945
1,1170,1667,MP*1,MP*1,M,M,True,0.19901451
1,826,830,PSI*,PSI*,M,M,True,0.1982255
1,855,873,PSI*,PSI*,F,F,True,0.19707245
1,807,882,PC*,PC*,M,M,True,0.19379698
1,1190,1657,MP*1,MP*1,M,M,True,0.1926987
1,652,682,PC,PC,M,M,True,0.19116002
1,600,866,PC,PSI*,F,M,False,0.19007204
1,600,871,PC,PSI*,F,M,False,0.19007194
1,1144,1148,MP*1,MP*1,F,M,True,0.18826219
1,652,891,PC,PC*,M,M,False,0.18689303
1,891,892,PC*,PC*,M,M,True,0.18689303
1,654,658,PC,PC,M,M,True,0.18634257
1,815,880,PC*,PC*,M,M,True,0.18587166
1,1651,1674,MP*1,MP*1,M,M,True,0.18455425
1,1667,1674,MP*1,MP*1,M,M,True,0.18455425
1,634,866,PSI*,PSI*,M,M,True,0.1839999
1,610,683,PC,PC,M,F,True,0.18171105
1,634,828,PSI*,PSI*,M,M,True,0.18162873
1,853,864,PSI*,PSI*,F,M,True,0.18054919
1,1144,1601,MP*1,MP*1,F,M,True,0.18028308
1,853,873,PSI*,PSI*,F,F,True,0.17972991
1,857,1657,PSI*,MP*1,M,M,False,0.17883411
1,882,890,PC*,PC*,M,M,True,0.17847589
1,853,855,PSI*,PSI*,F,F,True,0.1780068
1,1181,1657,MP*1,MP*1,M,M,True,0.17672555
1,664,867,PSI*,PSI*,F,M,True,0.17200175
1,692,847,PC,PC*,M,F,False,0.17169727
1,634,867,PSI*,PSI*,M,M,True,0.16966587
1,828,866,PSI*,PSI*,M,M,True,0.16909839
1,866,871,PSI*,PSI*,M,M,True,0.16909838
1,1601,1613,MP*1,MP*1,M,M,True,0.16892055
1,628,681,PC,PC,F,F,True,0.16864237
1,601,660,PC,PC,M,M,True,0.16794626
1,1144,1644,MP*1,MP*1,F,M,True,0.16747013
1,1144,1629,MP*1,MP*1,F,M,True,0.16747013
1,828,871,PSI*,PSI*,M,M,True,0.16701116
1,628,667,PC,PC,F,F,True,0.16616367
1,609,815,PC,PC*,M,M,False,0.16573659
1,1629,1644,MP*1,MP*1,M,M,True,0.16525787
1,658,690,PC,PC,M,M,True,0.16477764
1,1492,1613,MP*1,MP*1,M,M,True,0.16465306
1,634,826,PSI*,PSI*,M,M,True,0.16354533
1,1644,1667,MP*1,MP*1,M,M,True,0.16290212
1,1629,1667,MP*1,MP*1,M,M,True,0.16290212
1,610,623,PC,PC,M,F,True,0.15784532
1,1170,1678,MP*1,MP*1,M,M,True,0.15550476
1,1618,1678,MP*1,MP*1,M,M,True,0.15550476
1,683,847,PC,PC*,F,F,False,0.15467244
1,623,681,PC,PC,F,F,True,0.15339448
1,610,651,PC,PC,M,M,True,0.15290989
1,892,896,PC*,PC*,M,M,True,0.15290852
1,634,854,PSI*,PSI*,M,F,True,0.15267554
1,1622,1651,MP*1,MP*1,M,M,True,0.15215576
1,654,667,PC,PC,M,F,True,0.1519707
1,1651,1657,MP*1,MP*1,M,M,True,0.15175416
1,867,868,PSI*,PSI*,M,M,True,0.15143806
1,623,667,PC,PC,F,F,True,0.15136433
1,1144,1667,MP*1,MP*1,F,M,True,0.15068752
1,628,683,PC,PC,F,F,True,0.14839834
1,826,828,PSI*,PSI*,M,M,True,0.14750744
1,1144,1190,MP*1,MP*1,F,M,True,0.14715314
1,634,664,PSI*,PSI*,M,F,True,0.14599553
1,623,628,PC,PC,F,F,True,0.14527503
1,683,692,PC,PC,F,M,True,0.14238323
1,886,894,PC*,PC*,M,M,True,0.14229687
1,854,871,PSI*,PSI*,F,M,True,0.14206599
1,854,866,PSI*,PSI*,F,M,True,0.14206599
1,828,854,PSI*,PSI*,M,F,True,0.14206599
1,634,871,PSI*,PSI*,M,M,True,0.14167058
1,894,896,PC*,PC*,M,M,True,0.14139009
1,821,894,PC*,PC*,M,M,True,0.14139009
1,848,1651,PSI*,MP*1,M,M,False,0.13951191
1,1170,1672,MP*1,MP*1,M,M,True,0.13864768
1,1108,1657,MP*1,MP*1,M,M,True,0.13741064
1,664,828,PSI*,PSI*,F,M,True,0.13734029
1,889,897,PC*,PC*,M,M,True,0.13726914
1,1190,1667,MP*1,MP*1,M,M,True,0.13663545
1,692,698,PC,PC,M,M,True,0.13572291
1,1108,1645,MP*1,MP*1,M,M,True,0.13491097
1,601,823,PC,PC*,M,M,False,0.13463412
1,826,868,PSI*,PSI*,M,M,True,0.13406779
1,807,889,PC*,PC*,M,M,True,0.13335024
1,664,868,PSI*,PSI*,F,M,True,0.13008726
1,654,683,PC,PC,M,F,True,0.12903333
1,1181,1613,MP*1,MP*1,M,M,True,0.12819403
1,651,681,PC,PC,M,F,True,0.12642995
1,623,692,PC,PC,F,M,True,0.12558541
1,893,896,PC*,PC*,M,M,True,0.12558275
1,1492,1651,MP*1,MP*1,M,M,True,0.12535107
1,610,690,PC,PC,M,M,True,0.12518004
1,1108,1601,MP*1,MP*1,M,M,True,0.12511396
1,651,667,PC,PC,M,F,True,0.12430373
1,1492,1618,MP*1,MP*1,M,M,True,0.12380406
1,616,681,PC,PC,M,F,True,0.12369557
1,628,651,PC,PC,F,M,True,0.12347651
1,1144,1657,MP*1,MP*1,F,M,True,0.12277584
1,1657,1679,MP*1,MP*1,M,M,True,0.12227888
1,616,847,PC,PC*,M,F,False,0.12179337
1,616,667,PC,PC,M,F,True,0.12164979
1,826,1170,PSI*,MP*1,M,M,False,0.12125853
1,826,1674,PSI*,MP*1,M,M,False,0.12012012
1,616,628,PC,PC,M,F,True,0.11910989
1,1632,1671,MP*1,MP*1,M,M,True,0.11876667
1,1170,1671,MP*1,MP*1,M,M,True,0.11876667
1,661,692,PC,PC,M,M,True,0.11742717
1,1613,1657,MP*1,MP*1,M,M,True,0.11708544
1,651,692,PC,PC,M,M,True,0.11698961
1,623,654,PC,PC,F,M,True,0.1158895
1,600,658,PC,PC,F,M,True,0.11529253
1,875,882,PC*,PC*,M,M,True,0.11495186
1,651,683,PC,PC,M,F,True,0.11463419
1,600,609,PC,PC,F,M,True,0.1135744
1,623,651,PC,PC,F,M,True,0.11223461
1,823,891,PC*,PC*,M,M,True,0.11190899
1,1108,1622,MP*1,MP*1,M,M,True,0.10965325
1,636,851,PC,PSI*,M,M,False,0.10876688
1,623,683,PC,PC,F,F,True,0.10743707
1,600,613,PC,PC,F,M,True,0.10723452
1,651,654,PC,PC,M,M,True,0.10380755
1,610,654,PC,PC,M,M,True,0.10373729
1,826,1164,PSI*,MP*1,M,M,False,0.10356056
1,636,868,PC,PSI*,M,M,False,0.10282952
1,616,692,PC,PC,M,M,True,0.10266323
1,660,682,PC,PC,M,M,True,0.10028709
1,1108,1144,MP*1,MP*1,M,F,True,0.10014144
1,1108,1644,MP*1,MP*1,M,M,True,0.09993695
1,1108,1629,MP*1,MP*1,M,M,True,0.09993695
1,1108,1613,MP*1,MP*1,M,M,True,0.09993695
1,609,652,PC,PC,M,M,True,0.0993119
1,826,1622,PSI*,MP*1,M,M,False,0.09713421
1,882,896,PC*,PC*,M,M,True,0.09659898
1,1181,1651,MP*1,MP*1,M,M,True,0.0963612
1,880,891,PC*,PC*,M,M,True,0.09633226
1,864,880,PSI*,PC*,M,M,False,0.09538992
1,889,890,PC*,PC*,M,M,True,0.09488126
1,823,868,PC*,PSI*,M,M,False,0.09481141
1,1144,1613,MP*1,MP*1,F,M,True,0.09443101
1,609,658,PC,PC,M,M,True,0.09412634
1,636,864,PC,PSI*,M,M,False,0.09355895
1,601,610,PC,PC,M,M,True,0.09352934
1,690,815,PC,PC*,M,M,False,0.09333503
1,815,891,PC*,PC*,M,M,True,0.09333503
1,616,654,PC,PC,M,M,True,0.09259756
1,851,868,PSI*,PSI*,M,M,True,0.09242342
1,616,683,PC,PC,M,F,True,0.09200197
1,660,894,PC,PC*,M,M,False,0.0915297
1,610,661,PC,PC,M,M,True,0.09014574
1,616,623,PC,PC,M,F,True,0.09003143
1,616,651,PC,PC,M,M,True,0.08991609
1,1108,1667,MP*1,MP*1,M,M,True,0.08945318
1,826,857,PSI*,PSI*,M,M,True,0.08935629
1,821,880,PC*,PC*,M,M,True,0.08919467
1,1190,1632,MP*1,MP*1,M,M,True,0.08873954
1,823,893,PC*,PC*,M,M,True,0.0883708
1,609,891,PC,PC*,M,M,False,0.08634159
1,821,882,PC*,PC*,M,M,True,0.08615244
1,889,894,PC*,PC*,M,M,True,0.08592111
1,851,864,PSI*,PSI*,M,M,True,0.08582044
1,658,692,PC,PC,M,M,True,0.08558902
1,1181,1674,MP*1,MP*1,M,M,True,0.08515921
1,1492,1674,MP*1,MP*1,M,M,True,0.0851592
1,1632,1667,MP*1,MP*1,M,M,True,0.08358701
1,609,690,PC,PC,M,M,True,0.08317989
1,613,690,PC,PC,M,M,True,0.08317989
1,882,893,PC*,PC*,M,M,True,0.08272717
1,654,692,PC,PC,M,M,True,0.08237968
1,613,661,PC,PC,M,M,True,0.08095925
1,864,868,PSI*,PSI*,M,M,True,0.08070171
1,613,658,PC,PC,M,M,True,0.08061485
1,660,891,PC,PC*,M,M,False,0.07954506
1,826,848,PSI*,PSI*,M,M,True,0.07917175
1,1170,1632,MP*1,MP*1,M,M,True,0.07906945
1,826,854,PSI*,PSI*,M,F,True,0.07832886
1,1622,1645,MP*1,MP*1,M,M,True,0.07819398
1,1181,1645,MP*1,MP*1,M,M,True,0.07819398
1,1164,1645,MP*1,MP*1,M,M,True,0.07819397
1,1492,1645,MP*1,MP*1,M,M,True,0.07819397
1,1632,1645,MP*1,MP*1,M,M,True,0.07819397
1,636,892,PC,PC*,M,M,False,0.07785508
1,660,690,PC,PC,M,M,True,0.07766449
1,857,1181,PSI*,MP*1,M,M,False,0.07648405
1,857,1622,PSI*,MP*1,M,M,False,0.07648405
1,857,1164,PSI*,MP*1,M,M,False,0.07648405
1,682,891,PC,PC*,M,M,False,0.07562961
1,682,690,PC,PC,M,M,True,0.0756296
1,1108,1632,MP*1,MP*1,M,M,True,0.07430907
1,1164,1622,MP*1,MP*1,M,M,True,0.07407877
1,1164,1181,MP*1,MP*1,M,M,True,0.07407877
1,610,613,PC,PC,M,M,True,0.07034338
1,826,1651,PSI*,MP*1,M,M,False,0.06768578
1,826,1181,PSI*,MP*1,M,M,False,0.06736579
1,868,892,PSI*,PC*,M,M,False,0.06728456
1,1181,1622,MP*1,MP*1,M,M,True,0.06728041
1,891,894,PC*,PC*,M,M,True,0.06672595
1,864,892,PSI*,PC*,M,M,False,0.06568423
1,826,1657,PSI*,MP*1,M,M,False,0.06533627
1,636,880,PC,PC*,M,M,False,0.06467677
1,610,660,PC,PC,M,M,True,0.06205605
1,609,660,PC,PC,M,M,True,0.06127465
1,610,658,PC,PC,M,M,True,0.05928029
1,613,660,PC,PC,M,M,True,0.05801802
1,610,692,PC,PC,M,M,True,0.05658473
1,690,891,PC,PC*,M,M,False,0.05402721
1,826,1613,PSI*,MP*1,M,M,False,0.0521283
2,851,857,PSI*,PSI*,M,M,True,0.74164701
2,864,868,PSI*,PSI*,M,M,True,0.73524803
2,823,893,PC*,PC*,M,M,True,0.6380083
2,1190,1657,MP*1,MP*1,M,M,True,0.63090265
2,1645,1657,MP*1,MP*1,M,M,True,0.63090265
2,815,880,PC*,PC*,M,M,True,0.62333173
2,830,848,PSI*,PSI*,M,M,True,0.61153507
2,634,682,PSI*,PC,M,M,False,0.60991329
2,849,893,PC*,PC*,F,M,True,0.59227169
2,821,886,PC*,PC*,M,M,True,0.58786654
2,1164,1657,MP*1,MP*1,M,M,True,0.57320631
2,804,853,PC*,PSI*,M,F,False,0.57220733
2,806,1632,PC*,MP*1,M,M,False,0.57171559
2,880,897,PC*,PC*,M,M,True,0.56269741
2,851,855,PSI*,PSI*,M,F,True,0.54981911
2,1622,1657,MP*1,MP*1,M,M,True,0.53324664
2,807,875,PC*,PC*,M,M,True,0.51365542
2,1657,1672,MP*1,MP*1,M,M,True,0.50258666
2,803,880,PC*,PC*,F,M,True,0.50202733
2,1148,1190,MP*1,MP*1,M,M,True,0.5
2,636,869,PC,PSI*,M,M,False,0.5
2,814,895,PC*,PC*,F,F,True,0.5
2,888,890,PC*,PC*,M,M,True,0.5
2,656,682,PC,PC,M,M,True,0.5
2,1108,1628,MP*1,MP*1,M,M,True,0.5
2,891,896,PC*,PC*,M,M,True,0.5
2,838,852,PSI*,PSI*,F,F,True,0.5
2,819,882,PC*,PC*,F,M,True,0.4978013
2,849,875,PC*,PC*,F,M,True,0.49445993
2,1660,1662,MP*1,MP*1,F,F,True,0.48305172
2,862,863,PSI*,PSI*,F,F,True,0.48305172
2,618,847,PC,PC*,F,F,False,0.47744015
2,826,1674,PSI*,MP*1,M,M,False,0.46360943
2,683,696,PC,PC,F,F,True,0.46085471
2,1108,1657,MP*1,MP*1,M,M,True,0.45631403
2,890,893,PC*,PC*,M,M,True,0.45555109
2,845,848,PSI*,PSI*,F,M,True,0.44887435
2,1651,1657,MP*1,MP*1,M,M,True,0.44136474
2,660,681,PC,PC,M,F,True,0.43384272
2,821,824,PC*,PC*,M,F,True,0.43316066
2,676,867,PSI*,PSI*,M,M,True,0.4217273
2,826,1181,PSI*,MP*1,M,M,False,0.40571627
2,826,1170,PSI*,MP*1,M,M,False,0.40571627
2,866,894,PSI*,PC*,M,M,False,0.39844176
2,623,661,PC,PC,F,M,True,0.39519507
2,1649,1657,MP*1,MP*1,F,M,True,0.38232356
2,803,849,PC*,PC*,F,F,True,0.38188508
2,1657,1662,MP*1,MP*1,M,F,True,0.37884402
2,1613,1657,MP*1,MP*1,M,M,True,0.37245527
2,855,873,PSI*,PSI*,F,F,True,0.36838204
2,853,855,PSI*,PSI*,F,F,True,0.36838204
2,664,676,PSI*,PSI*,F,M,True,0.36532193
2,698,817,PC,PC*,M,F,False,0.35584766
2,644,817,PC,PC*,F,F,False,0.35325694
2,819,822,PC*,PC*,F,F,True,0.35159463
2,609,616,PC,PC,M,M,True,0.3381733
2,880,891,PC*,PC*,M,M,True,0.33757132
2,838,841,PSI*,PSI*,F,F,True,0.33701006
2,1618,1678,MP*1,MP*1,M,M,True,0.33333334
2,1492,1678,MP*1,MP*1,M,M,True,0.33333334
2,681,686,PC,PC,F,F,True,0.32699338
2,841,855,PSI*,PSI*,F,F,True,0.32597989
2,676,873,PSI*,PSI*,M,F,True,0.32465014
2,849,895,PC*,PC*,F,F,True,0.31386572
2,683,686,PC,PC,F,F,True,0.30991009
2,806,871,PC*,PSI*,M,M,False,0.30872482
2,626,847,PC,PC*,M,F,False,0.29699662
2,600,634,PC,PSI*,F,M,False,0.28782928
2,626,698,PC,PC,M,M,True,0.28637257
2,626,817,PC,PC*,M,F,False,0.28513277
2,806,822,PC*,PC*,M,F,True,0.27592623
2,601,854,PC,PSI*,M,F,False,0.27503821
2,634,866,PSI*,PSI*,M,M,True,0.27452594
2,851,868,PSI*,PSI*,M,M,True,0.27446538
2,882,890,PC*,PC*,M,M,True,0.27435082
2,601,644,PC,PC,M,F,True,0.27015573
2,600,658,PC,PC,F,M,True,0.26289257
2,817,821,PC*,PC*,F,M,True,0.26274627
2,660,894,PC,PC*,M,M,False,0.25907758
2,806,819,PC*,PC*,M,F,True,0.2579985
2,601,863,PC,PSI*,M,F,False,0.2568177
2,609,690,PC,PC,M,M,True,0.25428101
2,660,690,PC,PC,M,M,True,0.25428101
2,1108,1644,MP*1,MP*1,M,M,True,0.25
2,1601,1644,MP*1,MP*1,M,M,True,0.25
2,1613,1671,MP*1,MP*1,M,M,True,0.25
2,1492,1613,MP*1,MP*1,M,M,True,0.25
2,889,892,PC*,PC*,M,M,True,0.25
2,1492,1618,MP*1,MP*1,M,M,True,0.25
2,1108,1667,MP*1,MP*1,M,M,True,0.25
2,1108,1601,MP*1,MP*1,M,M,True,0.25
2,1164,1644,MP*1,MP*1,M,M,True,0.25
2,1170,1667,MP*1,MP*1,M,M,True,0.25
2,1632,1671,MP*1,MP*1,M,M,True,0.25
2,892,897,PC*,PC*,M,M,True,0.25
2,1601,1629,MP*1,MP*1,M,M,True,0.25
2,1618,1629,MP*1,MP*1,M,M,True,0.25
2,891,892,PC*,PC*,M,M,True,0.25
2,1671,1672,MP*1,MP*1,M,M,True,0.25
2,1667,1672,MP*1,MP*1,M,M,True,0.25
2,1613,1629,MP*1,MP*1,M,M,True,0.25
2,828,866,PSI*,PSI*,M,M,True,0.24951622
2,692,847,PC,PC*,M,F,False,0.22850521
2,634,826,PSI*,PSI*,M,M,True,0.22344398
2,807,882,PC*,PC*,M,M,True,0.22313815
2,664,868,PSI*,PSI*,F,M,True,0.21882835
2,826,830,PSI*,PSI*,M,M,True,0.21424004
2,616,661,PC,PC,M,M,True,0.21362458
2,817,847,PC*,PC*,F,F,True,0.21361485
2,613,616,PC,PC,M,M,True,0.21033885
2,609,891,PC,PC*,M,M,False,0.2091205
2,610,623,PC,PC,M,F,True,0.20599079
2,826,828,PSI*,PSI*,M,M,True,0.20086977
2,658,683,PC,PC,M,F,True,0.2003409
2,628,667,PC,PC,F,F,True,0.20004018
2,889,897,PC*,PC*,M,M,True,0.2
2,807,889,PC*,PC*,M,M,True,0.2
2,889,894,PC*,PC*,M,M,True,0.2
2,601,613,PC,PC,M,M,True,0.19957577
2,613,690,PC,PC,M,M,True,0.1957875
2,867,868,PSI*,PSI*,M,M,True,0.19169903
2,815,891,PC*,PC*,M,M,True,0.18833414
2,821,880,PC*,PC*,M,M,True,0.18681866
2,623,667,PC,PC,F,F,True,0.18552035
2,1632,1645,MP*1,MP*1,M,M,True,0.18454869
2,609,658,PC,PC,M,M,True,0.18215559
2,634,871,PSI*,PSI*,M,M,True,0.18152127
2,823,891,PC*,PC*,M,M,True,0.18099588
2,610,683,PC,PC,M,F,True,0.17948413
2,634,854,PSI*,PSI*,M,F,True,0.17920345
2,692,698,PC,PC,M,M,True,0.17888989
2,1651,1674,MP*1,MP*1,M,M,True,0.17879687
2,1181,1674,MP*1,MP*1,M,M,True,0.17879687
2,826,848,PSI*,PSI*,M,M,True,0.17759269
2,601,660,PC,PC,M,M,True,0.17565894
2,610,651,PC,PC,M,M,True,0.17554468
2,634,867,PSI*,PSI*,M,M,True,0.17385644
2,664,867,PSI*,PSI*,F,M,True,0.17136067
2,875,882,PC*,PC*,M,M,True,0.17067753
2,826,1651,PSI*,MP*1,M,M,False,0.17013755
2,628,681,PC,PC,F,F,True,0.16821006
2,828,871,PSI*,PSI*,M,M,True,0.16809395
2,664,828,PSI*,PSI*,F,M,True,0.16808493
2,828,854,PSI*,PSI*,M,F,True,0.16491604
2,683,692,PC,PC,F,M,True,0.1611549
2,854,866,PSI*,PSI*,F,M,True,0.16060778
2,882,886,PC*,PC*,M,M,True,0.15772909
2,623,681,PC,PC,F,F,True,0.1557928
2,654,667,PC,PC,M,F,True,0.15268481
2,623,654,PC,PC,F,M,True,0.15268481
2,634,828,PSI*,PSI*,M,M,True,0.15152666
2,651,667,PC,PC,M,F,True,0.15043807
2,654,658,PC,PC,M,M,True,0.15008533
2,634,664,PSI*,PSI*,M,F,True,0.14987451
2,654,683,PC,PC,M,F,True,0.14937329
2,623,628,PC,PC,F,F,True,0.1492749
2,600,609,PC,PC,F,M,True,0.14890584
2,1181,1651,MP*1,MP*1,M,M,True,0.14857094
2,1181,1622,MP*1,MP*1,M,M,True,0.14857094
2,1170,1672,MP*1,MP*1,M,M,True,0.14857094
2,1170,1613,MP*1,MP*1,M,M,True,0.14857094
2,854,871,PSI*,PSI*,F,M,True,0.14712295
2,628,683,PC,PC,F,F,True,0.14592715
2,651,692,PC,PC,M,M,True,0.14575791
2,1164,1622,MP*1,MP*1,M,M,True,0.14226456
2,616,667,PC,PC,M,F,True,0.13974059
2,682,690,PC,PC,M,M,True,0.1300289
2,826,1613,PSI*,MP*1,M,M,False,0.12817883
2,610,658,PC,PC,M,M,True,0.12781048
2,651,681,PC,PC,M,F,True,0.1277554
2,886,894,PC*,PC*,M,M,True,0.12720217
2,628,651,PC,PC,F,M,True,0.12454802
2,601,616,PC,PC,M,M,True,0.12168907
2,651,654,PC,PC,M,M,True,0.12070976
2,613,658,PC,PC,M,M,True,0.11930982
2,616,681,PC,PC,M,F,True,0.118607
2,866,871,PSI*,PSI*,M,M,True,0.11759688
2,661,692,PC,PC,M,M,True,0.11718844
2,1622,1651,MP*1,MP*1,M,M,True,0.11668833
2,600,613,PC,PC,F,M,True,0.11664004
2,616,628,PC,PC,M,F,True,0.11558773
2,623,651,PC,PC,F,M,True,0.11511017
2,623,683,PC,PC,F,F,True,0.11265232
2,651,683,PC,PC,M,F,True,0.11256202
2,616,654,PC,PC,M,M,True,0.11184653
2,601,610,PC,PC,M,M,True,0.10866672
2,610,661,PC,PC,M,M,True,0.10555625
2,826,854,PSI*,PSI*,M,F,True,0.10451293
2,882,893,PC*,PC*,M,M,True,0.10255274
2,616,692,PC,PC,M,M,True,0.10036719
2,654,692,PC,PC,M,M,True,0.09972877
2,1613,1672,MP*1,MP*1,M,M,True,0.09948266
2,690,891,PC,PC*,M,M,False,0.09855018
2,616,623,PC,PC,M,F,True,0.095912
2,616,683,PC,PC,M,F,True,0.09376598
2,616,651,PC,PC,M,M,True,0.08600031
2,610,660,PC,PC,M,M,True,0.0856678
2,1108,1632,MP*1,MP*1,M,M,True,0.0856569
2,1613,1632,MP*1,MP*1,M,M,True,0.0856569
2,610,613,PC,PC,M,M,True,0.08349171
2,613,661,PC,PC,M,M,True,0.079162
2,1108,1613,MP*1,MP*1,M,M,True,0.07766941
2,609,660,PC,PC,M,M,True,0.07338034
2,609,613,PC,PC,M,M,True,0.06766682
2,613,660,PC,PC,M,M,True,0.0616508
3,692,698,PC,PC,M,M,True,0.74632293
3,609,690,PC,PC,M,M,True,0.74183482
3,1164,1657,MP*1,MP*1,M,M,True,0.73536205
3,601,616,PC,PC,M,M,True,0.65936625
3,1622,1657,MP*1,MP*1,M,M,True,0.63822341
3,1651,1657,MP*1,MP*1,M,M,True,0.63822341
3,660,681,PC,PC,M,F,True,0.57115042
3,817,821,PC*,PC*,F,M,True,0.57115042
3,1660,1679,MP*1,MP*1,F,M,True,0.55357605
3,1190,1660,MP*1,MP*1,M,F,True,0.55357605
3,853,855,PSI*,PSI*,F,F,True,0.5
3,815,891,PC*,PC*,M,M,True,0.5
3,656,682,PC,PC,M,M,True,0.5
3,891,896,PC*,PC*,M,M,True,0.5
3,838,852,PSI*,PSI*,F,F,True,0.5
3,838,841,PSI*,PSI*,F,F,True,0.5
3,867,868,PSI*,PSI*,M,M,True,0.5
3,807,889,PC*,PC*,M,M,True,0.5
3,862,863,PSI*,PSI*,F,F,True,0.5
3,823,893,PC*,PC*,M,M,True,0.5
3,838,854,PSI*,PSI*,F,F,True,0.5
3,814,895,PC*,PC*,F,F,True,0.5
3,882,886,PC*,PC*,M,M,True,0.49999997
3,634,871,PSI*,PSI*,M,M,True,0.49999997
3,616,661,PC,PC,M,M,True,0.49999997
3,1492,1678,MP*1,MP*1,M,M,True,0.49999997
3,892,897,PC*,PC*,M,M,True,0.49999997
3,888,890,PC*,PC*,M,M,True,0.49999997
3,634,866,PSI*,PSI*,M,M,True,0.49999997
3,1144,1662,MP*1,MP*1,F,F,True,0.48839548
3,681,686,PC,PC,F,F,True,0.48235771
3,817,847,PC*,PC*,F,F,True,0.48235771
3,664,676,PSI*,PSI*,F,M,True,0.46938586
3,676,873,PSI*,PSI*,M,F,True,0.46938586
3,683,692,PC,PC,F,M,True,0.46209982
3,601,644,PC,PC,M,F,True,0.43372795
3,613,658,PC,PC,M,M,True,0.41460866
3,610,658,PC,PC,M,M,True,0.41460854
3,610,623,PC,PC,M,F,True,0.40545213
3,644,652,PC,PC,F,M,True,0.39878267
3,1657,1662,MP*1,MP*1,M,F,True,0.37206551
3,600,609,PC,PC,F,M,True,0.34088713
3,600,613,PC,PC,F,M,True,0.34088713
3,1671,1672,MP*1,MP*1,M,M,True,0.33333337
3,891,892,PC*,PC*,M,M,True,0.33333337
3,1618,1629,MP*1,MP*1,M,M,True,0.33333337
3,1601,1618,MP*1,MP*1,M,M,True,0.33333337
3,1632,1671,MP*1,MP*1,M,M,True,0.33333334
3,1613,1632,MP*1,MP*1,M,M,True,0.33333334
3,1492,1613,MP*1,MP*1,M,M,True,0.33333331
3,882,890,PC*,PC*,M,M,True,0.33333331
3,1660,1662,MP*1,MP*1,F,F,True,0.29203975
3,610,652,PC,PC,M,M,True,0.2874248
3,1108,1601,MP*1,MP*1,M,M,True,0.25
3,1108,1667,MP*1,MP*1,M,M,True,0.25
3,1170,1672,MP*1,MP*1,M,M,True,0.25
3,1170,1667,MP*1,MP*1,M,M,True,0.25
3,1601,1629,MP*1,MP*1,M,M,True,0.25
3,1667,1672,MP*1,MP*1,M,M,True,0.25
3,1613,1629,MP*1,MP*1,M,M,True,0.24999999
3,1108,1613,MP*1,MP*1,M,M,True,0.24999997
3,1170,1613,MP*1,MP*1,M,M,True,0.24999997
3,609,613,PC,PC,M,M,True,0.24570319
3,1613,1672,MP*1,MP*1,M,M,True,0.19999999
3,1622,1651,MP*1,MP*1,M,M,True,0.18088828
4,867,868,PSI*,PSI*,M,M,True,0.74273342
4,626,698,PC,PC,M,M,True,0.70646155
4,1667,1679,MP*1,MP*1,M,M,True,0.63518965
4,1164,1657,MP*1,MP*1,M,M,True,0.62430495
4,1645,1657,MP*1,MP*1,M,M,True,0.62430495
4,609,690,PC,PC,M,M,True,0.60381597
4,1190,1671,MP*1,MP*1,M,M,True,0.5792253
4,1190,1632,MP*1,MP*1,M,M,True,0.5792253
4,817,821,PC*,PC*,F,M,True,0.56710684
4,1622,1657,MP*1,MP*1,M,M,True,0.56403977
4,628,651,PC,PC,F,M,True,0.51843762
4,612,1649,MP*2,MP*1,M,F,False,0.51843762
4,807,889,PC*,PC*,M,M,True,0.5
4,892,897,PC*,PC*,M,M,True,0.5
4,862,863,PSI*,PSI*,F,F,True,0.5
4,838,852,PSI*,PSI*,F,F,True,0.5
4,853,855,PSI*,PSI*,F,F,True,0.5
4,838,854,PSI*,PSI*,F,F,True,0.5
4,814,895,PC*,PC*,F,F,True,0.5
4,803,849,PC*,PC*,F,F,True,0.5
4,686,696,PC,PC,F,F,True,0.5
4,682,690,PC,PC,M,M,True,0.5
4,1181,1674,MP*1,MP*1,M,M,True,0.5
4,882,886,PC*,PC*,M,M,True,0.49999994
4,1492,1678,MP*1,MP*1,M,M,True,0.49999994
4,882,890,PC*,PC*,M,M,True,0.49999994
4,634,871,PSI*,PSI*,M,M,True,0.49999994
4,634,866,PSI*,PSI*,M,M,True,0.49999994
4,815,898,PC*,PC*,M,M,True,0.49999994
4,891,896,PC*,PC*,M,M,True,0.49999994
4,817,847,PC*,PC*,F,F,True,0.48103654
4,618,660,PC,PC,F,M,True,0.47624636
4,676,873,PSI*,PSI*,M,F,True,0.47624627
4,613,658,PC,PC,M,M,True,0.45062244
4,1613,1629,MP*1,MP*1,M,M,True,0.43752751
4,600,613,PC,PC,F,M,True,0.42724133
4,664,867,PSI*,PSI*,F,M,True,0.42724133
4,600,609,PC,PC,F,M,True,0.42724133
4,1144,1662,MP*1,MP*1,F,F,True,0.39995965
4,644,652,PC,PC,F,M,True,0.3994782
4,1618,1657,MP*1,MP*1,M,M,True,0.39500451
4,1190,1660,MP*1,MP*1,M,F,True,0.37676519
4,681,686,PC,PC,F,F,True,0.36666954
4,1144,1629,MP*1,MP*1,F,M,True,0.36189103
4,660,681,PC,PC,M,F,True,0.36019486
4,664,676,PSI*,PSI*,F,M,True,0.35508305
4,1660,1679,MP*1,MP*1,F,M,True,0.35039425
4,1601,1657,MP*1,MP*1,M,M,True,0.34048381
4,601,644,PC,PC,M,F,True,0.3378821
4,627,635,PC,PC,F,F,True,0.33559939
4,628,661,PC,PC,F,M,True,0.3342303
4,1170,1672,MP*1,MP*1,M,M,True,0.33333337
4,1170,1601,MP*1,MP*1,M,M,True,0.33333334
4,1492,1613,MP*1,MP*1,M,M,True,0.33333331
4,815,891,PC*,PC*,M,M,True,0.33333331
4,1618,1629,MP*1,MP*1,M,M,True,0.33000225
4,627,692,PC,PC,F,M,True,0.30389637
4,1660,1662,MP*1,MP*1,F,F,True,0.29586488
4,1601,1629,MP*1,MP*1,M,M,True,0.27857608
4,610,652,PC,PC,M,M,True,0.27760762
4,1649,1657,MP*1,MP*1,F,M,True,0.27408609
4,683,692,PC,PC,F,M,True,0.25707904
4,661,683,PC,PC,M,F,True,0.25707904
4,635,698,PC,PC,F,M,True,0.25434262
4,610,623,PC,PC,M,F,True,0.25009134
4,1622,1651,MP*1,MP*1,M,M,True,0.25
4,1108,1613,MP*1,MP*1,M,M,True,0.25
4,1108,1601,MP*1,MP*1,M,M,True,0.25
4,1671,1672,MP*1,MP*1,M,M,True,0.25
4,1651,1674,MP*1,MP*1,M,M,True,0.25
4,1613,1672,MP*1,MP*1,M,M,True,0.24999999
4,1108,1667,MP*1,MP*1,M,M,True,0.24999999
4,1613,1651,MP*1,MP*1,M,M,True,0.24999997
4,1645,1674,MP*1,MP*1,M,M,True,0.24999997
4,635,692,PC,PC,F,M,True,0.24886145
4,601,623,PC,PC,M,F,True,0.24023062
4,601,616,PC,PC,M,M,True,0.23592091
4,1657,1679,MP*1,MP*1,M,M,True,0.23562385
4,616,683,PC,PC,M,F,True,0.22801954
4,623,661,PC,PC,F,M,True,0.221643
4,692,698,PC,PC,M,M,True,0.21800822
4,616,661,PC,PC,M,M,True,0.21224143
4,616,623,PC,PC,M,F,True,0.19603083
4,1164,1622,MP*1,MP*1,M,M,True,0.18784757
4,610,698,PC,PC,M,M,True,0.1848911
4,610,658,PC,PC,M,M,True,0.18482482
4,1657,1660,MP*1,MP*1,M,F,True,0.1764746
4,658,698,PC,PC,M,M,True,0.1542111
4,1632,1671,MP*1,MP*1,M,M,True,0.14025825
4,1613,1632,MP*1,MP*1,M,M,True,0.14025824
4,1601,1618,MP*1,MP*1,M,M,True,0.13749664
4,658,690,PC,PC,M,M,True,0.13206132
5,867,868,PSI*,PSI*,M,M,True,0.73227453
5,826,827,PSI*,PSI*,M,M,True,0.73227453
5,634,871,PSI*,PSI*,M,M,True,0.66691554
5,622,695,MP*2,MP*2,M,M,True,0.66691554
5,682,893,PC,PC*,M,M,False,0.63127524
5,1629,1644,MP*1,MP*1,M,M,True,0.5763886
5,814,875,PC*,PC*,F,M,True,0.56290638
5,854,857,PSI*,PSI*,F,M,True,0.55614364
5,644,652,PC,PC,F,M,True,0.5434131
5,817,821,PC*,PC*,F,M,True,0.52685905
5,817,823,PC*,PC*,F,M,True,0.52685905
5,807,889,PC*,PC*,M,M,True,0.5
5,882,886,PC*,PC*,M,M,True,0.5
5,862,863,PSI*,PSI*,F,F,True,0.5
5,803,849,PC*,PC*,F,F,True,0.5
5,882,890,PC*,PC*,M,M,True,0.5
5,686,696,PC,PC,F,F,True,0.5
5,641,699,MP*2,MP*2,M,M,True,0.5
5,880,896,PC*,PC*,M,M,True,0.5
5,824,849,PC*,PC*,F,F,True,0.5
5,806,888,PC*,PC*,M,M,True,0.5
5,650,674,MP*2,MP*2,M,M,True,0.5
5,611,685,MP*2,MP*2,M,F,True,0.49353573
5,1662,1678,MP*1,MP*1,F,M,True,0.47767216
5,682,898,PC,PC*,M,M,False,0.4747805
5,895,897,PC*,PC*,F,M,True,0.470759
5,634,854,PSI*,PSI*,M,F,True,0.46397346
5,618,660,PC,PC,F,M,True,0.46047166
5,817,847,PC*,PC*,F,F,True,0.44463834
5,1492,1678,MP*1,MP*1,M,M,True,0.43792033
5,1667,1679,MP*1,MP*1,M,M,True,0.42954719
5,674,684,MP*2,MP*2,M,M,True,0.42879322
5,682,819,PC,PC*,M,F,False,0.41976705
5,685,695,MP*2,MP*2,F,M,True,0.40201014
5,612,1649,MP*2,MP*1,M,F,False,0.39894265
5,1622,1657,MP*1,MP*1,M,M,True,0.39827451
5,1164,1657,MP*1,MP*1,M,M,True,0.39827451
5,1628,1657,MP*1,MP*1,M,M,True,0.39827451
5,654,681,PC,PC,M,F,True,0.39313555
5,1144,1662,MP*1,MP*1,F,F,True,0.38750237
5,1618,1629,MP*1,MP*1,M,M,True,0.37075281
5,626,698,PC,PC,M,M,True,0.37075281
5,892,897,PC*,PC*,M,M,True,0.37027219
5,853,855,PSI*,PSI*,F,F,True,0.36976606
5,814,895,PC*,PC*,F,F,True,0.36854261
5,600,613,PC,PC,F,M,True,0.36323971
5,845,852,PSI*,PSI*,F,F,True,0.36065853
5,1144,1629,MP*1,MP*1,F,M,True,0.35623258
5,610,626,PC,PC,M,M,True,0.35402378
5,1618,1657,MP*1,MP*1,M,M,True,0.35402375
5,682,690,PC,PC,M,M,True,0.35143018
5,1660,1679,MP*1,MP*1,F,M,True,0.35139829
5,601,623,PC,PC,M,F,True,0.34558704
5,628,651,PC,PC,F,M,True,0.34220654
5,606,651,MP*2,PC,F,M,False,0.34220654
5,627,635,PC,PC,F,F,True,0.33927041
5,601,616,PC,PC,M,M,True,0.33722293
5,676,873,PSI*,PSI*,M,F,True,0.33543256
5,664,676,PSI*,PSI*,F,M,True,0.33543256
5,815,891,PC*,PC*,M,M,True,0.33333334
5,815,898,PC*,PC*,M,M,True,0.33333334
5,891,896,PC*,PC*,M,M,True,0.33333334
5,1170,1672,MP*1,MP*1,M,M,True,0.33333334
5,1170,1601,MP*1,MP*1,M,M,True,0.33333334
5,1181,1674,MP*1,MP*1,M,M,True,0.33333334
5,882,889,PC*,PC*,M,M,True,0.33333334
5,1181,1651,MP*1,MP*1,M,M,True,0.33333334
5,661,683,PC,PC,M,F,True,0.33271593
5,664,867,PSI*,PSI*,F,M,True,0.3256889
5,867,873,PSI*,PSI*,M,F,True,0.3256889
5,654,660,PC,PC,M,M,True,0.32257736
5,838,862,PSI*,PSI*,F,F,True,0.32176089
5,635,698,PC,PC,F,M,True,0.32114747
5,628,661,PC,PC,F,M,True,0.31439692
5,606,684,MP*2,MP*2,F,M,True,0.31439692
5,681,853,PC,PSI*,F,F,False,0.30974805
5,616,683,PC,PC,M,F,True,0.30967176
5,600,854,PC,PSI*,F,F,False,0.3089695
5,1645,1657,MP*1,MP*1,M,M,True,0.30759954
5,600,609,PC,PC,F,M,True,0.30097073
5,1164,1622,MP*1,MP*1,M,M,True,0.30086276
5,1628,1645,MP*1,MP*1,M,M,True,0.30086276
5,1190,1671,MP*1,MP*1,M,M,True,0.30006301
5,1190,1632,MP*1,MP*1,M,M,True,0.30006301
5,620,1190,MP*2,MP*1,M,M,False,0.30006301
5,627,692,PC,PC,F,M,True,0.29488367
5,826,845,PSI*,PSI*,M,F,True,0.29290521
5,855,867,PSI*,PSI*,F,M,True,0.28845507
5,1108,1667,MP*1,MP*1,M,M,True,0.2852264
5,1660,1662,MP*1,MP*1,F,F,True,0.28220233
5,682,892,PC,PC*,M,M,False,0.28197026
5,660,681,PC,PC,M,F,True,0.27872461
5,1649,1657,MP*1,MP*1,F,M,True,0.27388763
5,612,1657,MP*2,MP*1,M,M,False,0.27204353
5,684,685,MP*2,MP*2,M,F,True,0.26721147
5,635,692,PC,PC,F,M,True,0.26669505
5,838,852,PSI*,PSI*,F,F,True,0.26015544
5,609,690,PC,PC,M,M,True,0.25755429
5,1190,1660,MP*1,MP*1,M,F,True,0.25340223
5,1657,1674,MP*1,MP*1,M,M,True,0.25070938
5,1613,1672,MP*1,MP*1,M,M,True,0.25
5,1108,1613,MP*1,MP*1,M,M,True,0.25
5,1108,1601,MP*1,MP*1,M,M,True,0.25
5,1671,1672,MP*1,MP*1,M,M,True,0.25
5,891,892,PC*,PC*,M,M,True,0.25
5,1148,1658,MP*1,MP*1,M,M,True,0.25
5,674,1148,MP*2,MP*1,M,M,False,0.25
5,1148,1651,MP*1,MP*1,M,M,True,0.25
5,1601,1629,MP*1,MP*1,M,M,True,0.24229696
5,613,658,PC,PC,M,M,True,0.24171257
5,826,852,PSI*,PSI*,M,F,True,0.23723815
5,852,854,PSI*,PSI*,F,F,True,0.23428878
5,826,838,PSI*,PSI*,M,F,True,0.23385572
5,1632,1671,MP*1,MP*1,M,M,True,0.23331234
5,1613,1632,MP*1,MP*1,M,M,True,0.23331234
5,620,674,MP*2,MP*2,M,M,True,0.23331234
5,620,1658,MP*2,MP*1,M,M,False,0.23331234
5,1645,1674,MP*1,MP*1,M,M,True,0.23080015
5,1601,1657,MP*1,MP*1,M,M,True,0.23063281
5,609,613,PC,PC,M,M,True,0.22560841
5,1657,1679,MP*1,MP*1,M,M,True,0.22372364
5,661,692,PC,PC,M,M,True,0.22322361
5,623,661,PC,PC,F,M,True,0.2216741
5,610,623,PC,PC,M,F,True,0.22162059
5,658,698,PC,PC,M,M,True,0.2201556
5,610,658,PC,PC,M,M,True,0.21030641
5,616,661,PC,PC,M,M,True,0.20805237
5,682,817,PC,PC*,M,F,False,0.20780987
5,616,623,PC,PC,M,F,True,0.20558202
5,658,690,PC,PC,M,M,True,0.19550778
5,610,698,PC,PC,M,M,True,0.18830454
5,1492,1613,MP*1,MP*1,M,M,True,0.1873599
5,1492,1658,MP*1,MP*1,M,M,True,0.1873599
5,1651,1674,MP*1,MP*1,M,M,True,0.18732265
5,1190,1658,MP*1,MP*1,M,M,True,0.17753547
5,609,610,PC,PC,M,M,True,0.17714015
5,1613,1651,MP*1,MP*1,M,M,True,0.16666667
5,1651,1658,MP*1,MP*1,M,M,True,0.16666666
5,1657,1660,MP*1,MP*1,M,F,True,0.15693673
5,674,1658,MP*2,MP*1,M,M,False,0.13707742
5,674,1190,MP*2,MP*1,M,M,False,0.11893898
6,634,871,PSI*,PSI*,M,M,True,0.61389601
6,682,893,PC,PC*,M,M,False,0.59379387
6,682,898,PC,PC*,M,M,False,0.59379387
6,622,695,MP*2,MP*2,M,M,True,0.5859549
6,895,897,PC*,PC*,F,M,True,0.56043565
6,814,875,PC*,PC*,F,M,True,0.56043565
6,826,827,PSI*,PSI*,M,M,True,0.55740899
6,616,683,PC,PC,M,F,True,0.54097557
6,854,857,PSI*,PSI*,F,M,True,0.54097557
6,817,823,PC*,PC*,F,M,True,0.54097557
6,841,848,PSI*,PSI*,F,M,True,0.54097557
6,867,868,PSI*,PSI*,M,M,True,0.50814569
6,882,886,PC*,PC*,M,M,True,0.5
6,686,696,PC,PC,F,F,True,0.5
6,658,690,PC,PC,M,M,True,0.5
6,1618,1657,MP*1,MP*1,M,M,True,0.5
6,1629,1644,MP*1,MP*1,M,M,True,0.5
6,862,863,PSI*,PSI*,F,F,True,0.5
6,815,891,PC*,PC*,M,M,True,0.5
6,641,699,MP*2,MP*2,M,M,True,0.5
6,803,849,PC*,PC*,F,F,True,0.5
6,880,896,PC*,PC*,M,M,True,0.5
6,824,849,PC*,PC*,F,F,True,0.5
6,806,888,PC*,PC*,M,M,True,0.5
6,882,889,PC*,PC*,M,M,True,0.5
6,636,864,PC,PSI*,M,M,False,0.5
6,830,834,PSI*,PSI*,M,M,True,0.5
6,1164,1622,MP*1,MP*1,M,M,True,0.5
6,1644,1856,MP*1,MP*1,M,M,True,0.5
6,647,668,MP*2,MP*2,F,F,True,0.5
6,611,685,MP*2,MP*2,M,F,True,0.49193659
6,817,847,PC*,PC*,F,F,True,0.46007347
6,664,867,PSI*,PSI*,F,M,True,0.45902446
6,635,692,PC,PC,F,M,True,0.42939726
6,682,690,PC,PC,M,M,True,0.42862236
6,682,892,PC,PC*,M,M,False,0.42862236
6,682,819,PC,PC*,M,F,False,0.41870049
6,612,1649,MP*2,MP*1,M,F,False,0.41832083
6,660,681,PC,PC,M,F,True,0.40548456
6,654,681,PC,PC,M,F,True,0.40548456
6,603,684,MP*2,MP*2,M,M,True,0.39555973
6,600,661,PC,PC,F,M,True,0.390192
6,845,852,PSI*,PSI*,F,F,True,0.36134315
6,814,895,PC*,PC*,F,F,True,0.3571693
6,1660,1662,MP*1,MP*1,F,F,True,0.35079217
6,603,695,MP*2,MP*2,M,M,True,0.34882611
6,853,855,PSI*,PSI*,F,F,True,0.33760631
6,685,695,MP*2,MP*2,F,M,True,0.33568159
6,676,873,PSI*,PSI*,M,F,True,0.3343614
6,891,892,PC*,PC*,M,M,True,0.33333334
6,650,674,MP*2,MP*2,M,M,True,0.33333334
6,626,698,PC,PC,M,M,True,0.33333334
6,669,674,MP*2,MP*2,M,M,True,0.33333334
6,827,830,PSI*,PSI*,M,M,True,0.33333334
6,1628,1645,MP*1,MP*1,M,M,True,0.33333331
6,1628,1657,MP*1,MP*1,M,M,True,0.33333331
6,609,613,PC,PC,M,M,True,0.33333331
6,609,610,PC,PC,M,M,True,0.33333331
6,610,626,PC,PC,M,M,True,0.33333331
6,619,1645,MP*2,MP*1,M,M,False,0.33333331
6,619,1657,MP*2,MP*1,M,M,False,0.33333331
6,620,669,MP*2,MP*2,M,M,True,0.33333331
6,620,650,MP*2,MP*2,M,M,True,0.33333331
6,613,698,PC,PC,M,M,True,0.33333331
6,623,1678,PC,MP*1,F,M,False,0.32929575
6,676,864,PSI*,PSI*,M,M,True,0.32784927
6,838,862,PSI*,PSI*,F,F,True,0.32134837
6,681,853,PC,PSI*,F,F,False,0.31990784
6,661,692,PC,PC,M,M,True,0.30490398
6,855,873,PSI*,PSI*,F,F,True,0.30366075
6,654,660,PC,PC,M,M,True,0.29725772
6,826,845,PSI*,PSI*,M,F,True,0.29184222
6,1632,1667,MP*1,MP*1,M,M,True,0.28740084
6,606,615,MP*2,MP*2,F,F,True,0.27983209
6,854,866,PSI*,PSI*,F,M,True,0.27865431
6,676,867,PSI*,PSI*,M,M,True,0.2774227
6,623,1170,PC,MP*1,F,M,False,0.27430916
6,1148,1667,MP*1,MP*1,M,M,True,0.27015996
6,1649,1674,MP*1,MP*1,F,M,True,0.26380593
6,600,866,PC,PSI*,F,M,False,0.26232123
6,838,852,PSI*,PSI*,F,F,True,0.26036638
6,1645,1657,MP*1,MP*1,M,M,True,0.25
6,649,1613,MP*2,MP*1,M,M,False,0.25
6,649,1671,MP*2,MP*1,M,M,False,0.25
6,649,1672,MP*2,MP*1,M,M,False,0.25
6,1644,1667,MP*1,MP*1,M,M,True,0.25
6,610,613,PC,PC,M,M,True,0.25
6,864,868,PSI*,PSI*,M,M,True,0.24592716
6,634,854,PSI*,PSI*,M,F,True,0.24458672
6,684,685,MP*2,MP*2,M,F,True,0.24318464
6,1632,1660,MP*1,MP*1,M,F,True,0.2423636
6,1181,1674,MP*1,MP*1,M,M,True,0.23693341
6,826,852,PSI*,PSI*,M,F,True,0.23622009
6,606,651,MP*2,PC,F,M,False,0.23299082
6,615,651,MP*2,PC,F,M,False,0.23299082
6,826,838,PSI*,PSI*,M,F,True,0.23274982
6,867,873,PSI*,PSI*,M,F,True,0.23244043
6,600,854,PC,PSI*,F,F,False,0.23218748
6,612,1657,MP*2,MP*1,M,M,False,0.2304576
6,600,634,PC,PSI*,F,M,False,0.22956643
6,1148,1662,MP*1,MP*1,M,F,True,0.22495417
6,634,866,PSI*,PSI*,M,M,True,0.22134571
6,606,684,MP*2,MP*2,F,M,True,0.21795684
6,615,684,MP*2,MP*2,F,M,True,0.21795684
6,682,817,PC,PC*,M,F,False,0.21734723
6,855,867,PSI*,PSI*,F,M,True,0.21504772
6,1662,1678,MP*1,MP*1,F,M,True,0.20310795
6,852,854,PSI*,PSI*,F,F,True,0.20251578
6,1181,1651,MP*1,MP*1,M,M,True,0.19076663
6,1181,1613,MP*1,MP*1,M,M,True,0.19076663
6,1181,1492,MP*1,MP*1,M,M,True,0.19076663
6,674,684,MP*2,MP*2,M,M,True,0.19012125
6,1190,1632,MP*1,MP*1,M,M,True,0.18120062
6,651,684,PC,MP*2,M,M,False,0.17887163
6,651,1678,PC,MP*1,M,M,False,0.17262569
6,1170,1632,MP*1,MP*1,M,M,True,0.17218059
6,1148,1658,MP*1,MP*1,M,M,True,0.17188838
6,620,1190,MP*2,MP*1,M,M,False,0.16666667
6,620,674,MP*2,MP*2,M,M,True,0.16666667
6,620,1658,MP*2,MP*1,M,M,False,0.16666667
6,1170,1672,MP*1,MP*1,M,M,True,0.16641757
6,1632,1672,MP*1,MP*1,M,M,True,0.16641757
6,684,1678,MP*2,MP*1,M,M,False,0.16590369
6,1632,1662,MP*1,MP*1,M,F,True,0.15656532
6,1148,1672,MP*1,MP*1,M,M,True,0.1563333
6,1657,1674,MP*1,MP*1,M,M,True,0.15608519
6,1632,1671,MP*1,MP*1,M,M,True,0.1525107
6,1170,1671,MP*1,MP*1,M,M,True,0.1525107
6,1632,1651,MP*1,MP*1,M,M,True,0.14945522
6,1651,1674,MP*1,MP*1,M,M,True,0.14022383
6,1148,1651,MP*1,MP*1,M,M,True,0.14022383
6,674,1658,MP*2,MP*1,M,M,False,0.13801861
6,1190,1658,MP*1,MP*1,M,M,True,0.13801861
6,1651,1658,MP*1,MP*1,M,M,True,0.13801861
6,1492,1658,MP*1,MP*1,M,M,True,0.13801861
6,1632,1674,MP*1,MP*1,M,M,True,0.13767597
6,674,1148,MP*2,MP*1,M,M,False,0.13731819
6,674,1190,MP*2,MP*1,M,M,False,0.13646656
6,1190,1492,MP*1,MP*1,M,M,True,0.13646656
6,1190,1671,MP*1,MP*1,M,M,True,0.13646656
6,1170,1613,MP*1,MP*1,M,M,True,0.13299914
6,1492,1678,MP*1,MP*1,M,M,True,0.13057932
6,1613,1672,MP*1,MP*1,M,M,True,0.12770788
6,1671,1672,MP*1,MP*1,M,M,True,0.12770788
6,1613,1632,MP*1,MP*1,M,M,True,0.12101048
6,1492,1671,MP*1,MP*1,M,M,True,0.11582975
6,1613,1671,MP*1,MP*1,M,M,True,0.11582975
6,1613,1651,MP*1,MP*1,M,M,True,0.11401942
6,1492,1651,MP*1,MP*1,M,M,True,0.11401942
6,1613,1674,MP*1,MP*1,M,M,True,0.11347184
6,1148,1492,MP*1,MP*1,M,M,True,0.1071528
6,1492,1632,MP*1,MP*1,M,M,True,0.10527749
6,1492,1674,MP*1,MP*1,M,M,True,0.10522614
6,1492,1613,MP*1,MP*1,M,M,True,0.09207246
7,620,678,MP*2,MP*2,M,M,True,0.59498179
7,867,869,PSI*,PSI*,M,M,True,0.58433783
7,841,848,PSI*,PSI*,F,M,True,0.54177397
7,616,822,PC,PC*,M,F,False,0.54177397
7,696,898,PC,PC*,F,M,False,0.54177397
7,889,895,PC*,PC*,M,F,True,0.54177397
7,635,692,PC,PC,F,M,True,0.525877
7,854,871,PSI*,PSI*,F,M,True,0.51288962
7,626,698,PC,PC,M,M,True,0.5
7,622,695,MP*2,MP*2,M,M,True,0.5
7,636,864,PC,PSI*,M,M,False,0.5
7,864,868,PSI*,PSI*,M,M,True,0.5
7,814,849,PC*,PC*,F,F,True,0.5
7,855,873,PSI*,PSI*,F,F,True,0.47905153
7,603,684,MP*2,MP*2,M,M,True,0.43737829
7,809,819,PC*,PC*,M,F,True,0.43269855
7,676,867,PSI*,PSI*,M,M,True,0.4177984
7,830,834,PSI*,PSI*,M,M,True,0.4177984
7,827,834,PSI*,PSI*,M,M,True,0.4177984
7,867,873,PSI*,PSI*,M,F,True,0.40031624
7,635,894,PC,PC*,F,M,False,0.38220733
7,619,1657,MP*2,MP*1,M,M,False,0.37392122
7,1622,1657,MP*1,MP*1,M,M,True,0.37392122
7,1649,1674,MP*1,MP*1,F,M,True,0.37376946
7,1644,1856,MP*1,MP*1,M,M,True,0.37104142
7,681,892,PC,PC*,F,M,False,0.36991644
7,610,661,PC,PC,M,M,True,0.36319458
7,838,852,PSI*,PSI*,F,F,True,0.35809511
7,834,854,PSI*,PSI*,M,F,True,0.35356867
7,1657,1856,MP*1,MP*1,M,M,True,0.33992726
7,647,668,MP*2,MP*2,F,F,True,0.33416292
7,677,1658,MP*2,MP*1,M,M,False,0.33333337
7,609,613,PC,PC,M,M,True,0.33333334
7,613,698,PC,PC,M,M,True,0.33333334
7,609,610,PC,PC,M,M,True,0.33333334
7,691,699,MP*2,MP*2,M,M,True,0.33333334
7,646,699,MP*2,MP*2,M,M,True,0.33333334
7,650,677,MP*2,MP*2,M,M,True,0.33333331
7,1148,1662,MP*1,MP*1,M,F,True,0.32373494
7,661,894,PC,PC*,M,M,False,0.32081181
7,619,1645,MP*2,MP*1,M,M,False,0.31303942
7,1164,1622,MP*1,MP*1,M,M,True,0.31303942
7,654,892,PC,PC*,M,M,False,0.30165011
7,647,1662,MP*2,MP*1,F,F,False,0.30103663
7,1190,1660,MP*1,MP*1,M,F,True,0.29604959
7,1144,1190,MP*1,MP*1,F,M,True,0.29343036
7,826,852,PSI*,PSI*,M,F,True,0.29130226
7,826,838,PSI*,PSI*,M,F,True,0.29130226
7,676,864,PSI*,PSI*,M,M,True,0.2911008
7,827,830,PSI*,PSI*,M,M,True,0.2911008
7,654,681,PC,PC,M,F,True,0.28827858
7,1144,1644,MP*1,MP*1,F,M,True,0.28795663
7,623,1170,PC,MP*1,F,M,False,0.28660235
7,1645,1657,MP*1,MP*1,M,M,True,0.28532124
7,1632,1660,MP*1,MP*1,M,F,True,0.28175461
7,603,695,MP*2,MP*2,M,M,True,0.28131086
7,681,893,PC,PC*,F,M,False,0.28003967
7,668,685,MP*2,MP*2,F,F,True,0.27646512
7,826,893,PSI*,PC*,M,M,False,0.27547011
7,623,1678,PC,MP*1,F,M,False,0.27320755
7,606,615,MP*2,MP*2,F,F,True,0.27062905
7,600,866,PC,PSI*,F,M,False,0.26573792
7,600,634,PC,PSI*,F,M,False,0.26573789
7,854,866,PSI*,PSI*,F,M,True,0.25380051
7,634,854,PSI*,PSI*,M,F,True,0.25380045
7,610,613,PC,PC,M,M,True,0.25
7,641,646,MP*2,MP*2,M,M,True,0.25
7,641,691,MP*2,MP*2,M,M,True,0.25
7,691,695,MP*2,MP*2,M,M,True,0.25
7,641,649,MP*2,MP*2,M,M,True,0.25
7,646,691,MP*2,MP*2,M,M,True,0.25
7,809,1657,PC*,MP*1,M,M,False,0.2487281
7,685,1662,MP*2,MP*1,F,F,False,0.24819849
7,615,651,MP*2,PC,F,M,False,0.24728715
7,650,674,MP*2,MP*2,M,M,True,0.24604973
7,1164,1190,MP*1,MP*1,M,M,True,0.24094373
7,634,866,PSI*,PSI*,M,M,True,0.24023081
7,1164,1645,MP*1,MP*1,M,M,True,0.23822626
7,620,650,MP*2,MP*2,M,M,True,0.23764464
7,628,635,PC,PC,F,F,True,0.2349645
7,606,651,MP*2,PC,F,M,False,0.23234561
7,654,893,PC,PC*,M,M,False,0.23045161
7,615,684,MP*2,MP*2,F,M,True,0.22121245
7,1164,1657,MP*1,MP*1,M,M,True,0.21512868
7,600,854,PC,PSI*,F,F,False,0.20970728
7,661,1658,PC,MP*1,M,M,False,0.20844775
7,606,684,MP*2,MP*2,F,M,True,0.20742339
7,628,661,PC,PC,F,M,True,0.20049769
7,649,1613,MP*2,MP*1,M,M,False,0.2
7,649,1671,MP*2,MP*1,M,M,False,0.2
7,649,1672,MP*2,MP*1,M,M,False,0.2
7,669,1662,MP*2,MP*1,M,F,False,0.19657993
7,1632,1651,MP*1,MP*1,M,M,True,0.19447356
7,650,669,MP*2,MP*2,M,M,True,0.19260386
7,620,685,MP*2,MP*2,M,F,True,0.19059694
7,1651,1674,MP*1,MP*1,M,M,True,0.18924251
7,635,661,PC,PC,F,M,True,0.18689591
7,628,674,PC,MP*2,F,M,False,0.1848627
7,1148,1667,MP*1,MP*1,M,M,True,0.18426004
7,600,661,PC,PC,F,M,True,0.18422312
7,651,684,PC,MP*2,M,M,False,0.18380088
7,1644,1667,MP*1,MP*1,M,M,True,0.17649633
7,1632,1667,MP*1,MP*1,M,M,True,0.17097144
7,669,1667,MP*2,MP*1,M,M,False,0.16684657
7,668,1662,MP*2,MP*1,F,F,False,0.16633427
7,1632,1644,MP*1,MP*1,M,M,True,0.16299915
7,1657,1667,MP*1,MP*1,M,M,True,0.16231313
7,668,674,MP*2,MP*2,F,M,True,0.16190661
7,1190,1658,MP*1,MP*1,M,M,True,0.15844736
7,1148,1672,MP*1,MP*1,M,M,True,0.15576543
7,1148,1492,MP*1,MP*1,M,M,True,0.15576543
7,1644,1657,MP*1,MP*1,M,M,True,0.15440267
7,1613,1651,MP*1,MP*1,M,M,True,0.15407097
7,1181,1651,MP*1,MP*1,M,M,True,0.15407097
7,1492,1651,MP*1,MP*1,M,M,True,0.15407097
7,1190,1671,MP*1,MP*1,M,M,True,0.15092401
7,620,668,MP*2,MP*2,M,F,True,0.14733143
7,669,1658,MP*2,MP*1,M,M,False,0.14658913
7,669,674,MP*2,MP*2,M,M,True,0.1447413
7,628,1657,PC,MP*1,F,M,False,0.14471057
7,674,1662,MP*2,MP*1,M,F,False,0.14384621
7,606,1657,MP*2,MP*1,F,M,False,0.14345585
7,1181,1674,MP*1,MP*1,M,M,True,0.14325252
7,1632,1671,MP*1,MP*1,M,M,True,0.14264655
7,651,1678,PC,MP*1,M,M,False,0.14183985
7,620,669,MP*2,MP*2,M,M,True,0.1397506
7,1170,1671,MP*1,MP*1,M,M,True,0.13887429
7,1181,1657,MP*1,MP*1,M,M,True,0.13886896
7,1632,1672,MP*1,MP*1,M,M,True,0.1388166
7,1181,1678,MP*1,MP*1,M,M,True,0.13570212
7,1170,1672,MP*1,MP*1,M,M,True,0.13522461
7,1657,1672,MP*1,MP*1,M,M,True,0.13127682
7,620,1662,MP*2,MP*1,M,F,False,0.13102672
7,1170,1632,MP*1,MP*1,M,M,True,0.12808344
7,1632,1674,MP*1,MP*1,M,M,True,0.12648296
7,684,1678,MP*2,MP*1,M,M,False,0.12440225
7,669,1190,MP*2,MP*1,M,M,False,0.12168188
7,1492,1658,MP*1,MP*1,M,M,True,0.12162894
7,1181,1658,MP*1,MP*1,M,M,True,0.12162894
7,1170,1657,MP*1,MP*1,M,M,True,0.12116157
7,1632,1662,MP*1,MP*1,M,F,True,0.12070109
7,1657,1674,MP*1,MP*1,M,M,True,0.11971922
7,1170,1678,MP*1,MP*1,M,M,True,0.1185433
7,1181,1613,MP*1,MP*1,M,M,True,0.11643529
7,1181,1492,MP*1,MP*1,M,M,True,0.11643529
7,1492,1671,MP*1,MP*1,M,M,True,0.11351103
7,1613,1671,MP*1,MP*1,M,M,True,0.11351103
7,1671,1672,MP*1,MP*1,M,M,True,0.11351103
7,1613,1672,MP*1,MP*1,M,M,True,0.11107337
7,620,674,MP*2,MP*2,M,M,True,0.10632233
7,674,1190,MP*2,MP*1,M,M,False,0.10632131
7,674,1678,MP*2,MP*1,M,M,False,0.10436305
7,1170,1613,MP*1,MP*1,M,M,True,0.1026139
7,620,1190,MP*2,MP*1,M,M,False,0.10257372
7,1492,1674,MP*1,MP*1,M,M,True,0.10159524
7,1613,1674,MP*1,MP*1,M,M,True,0.10159524
7,620,1678,MP*2,MP*1,M,M,False,0.10082644
7,1190,1492,MP*1,MP*1,M,M,True,0.09800406
7,1613,1632,MP*1,MP*1,M,M,True,0.09645395
7,1492,1632,MP*1,MP*1,M,M,True,0.09273027
7,1613,1657,MP*1,MP*1,M,M,True,0.09104118
7,1613,1678,MP*1,MP*1,M,M,True,0.08899374
7,1492,1657,MP*1,MP*1,M,M,True,0.08768538
7,1492,1678,MP*1,MP*1,M,M,True,0.0857771
7,1190,1632,MP*1,MP*1,M,M,True,0.08453075
7,1657,1678,MP*1,MP*1,M,M,True,0.07975946
7,1492,1613,MP*1,MP*1,M,M,True,0.07653724
7,1632,1657,MP*1,MP*1,M,M,True,0.06733626
8,857,867,PSI*,PSI*,M,M,True,0.68980622
8,620,678,MP*2,MP*2,M,M,True,0.66317248
8,626,698,PC,PC,M,M,True,0.58450449
8,611,622,MP*2,MP*2,M,M,True,0.57231468
8,1628,1629,MP*1,MP*1,M,M,True,0.55590725
8,841,848,PSI*,PSI*,F,M,True,0.54676306
8,828,854,PSI*,PSI*,M,F,True,0.50001377
8,851,854,PSI*,PSI*,M,F,True,0.50001377
8,1164,1645,MP*1,MP*1,M,M,True,0.5
8,880,887,PC*,PC*,M,M,True,0.5
8,652,682,PC,PC,M,M,True,0.5
8,883,888,PC*,PC*,M,M,True,0.5
8,880,896,PC*,PC*,M,M,True,0.5
8,815,880,PC*,PC*,M,M,True,0.5
8,634,866,PSI*,PSI*,M,M,True,0.5
8,603,612,MP*2,MP*2,M,M,True,0.5
8,814,849,PC*,PC*,F,F,True,0.48622441
8,845,855,PSI*,PSI*,F,F,True,0.47938031
8,862,863,PSI*,PSI*,F,F,True,0.47938031
8,616,822,PC,PC*,M,F,False,0.46380532
8,647,1662,MP*2,MP*1,F,F,False,0.46093255
8,664,867,PSI*,PSI*,F,M,True,0.45159224
8,821,852,PC*,PSI*,M,F,False,0.44036525
8,821,888,PC*,PC*,M,M,True,0.43723267
8,809,819,PC*,PC*,M,F,True,0.43553239
8,696,898,PC,PC*,F,M,False,0.42344904
8,1190,1660,MP*1,MP*1,M,F,True,0.41318408
8,804,868,PC*,PSI*,M,M,False,0.4106707
8,600,698,PC,PC,F,M,True,0.40472558
8,683,692,PC,PC,F,M,True,0.38923347
8,854,871,PSI*,PSI*,F,M,True,0.38885838
8,827,830,PSI*,PSI*,M,M,True,0.38111922
8,619,1657,MP*2,MP*1,M,M,False,0.376362
8,1622,1657,MP*1,MP*1,M,M,True,0.376362
8,691,699,MP*2,MP*2,M,M,True,0.376362
8,660,681,PC,PC,M,F,True,0.36339098
8,814,895,PC*,PC*,F,F,True,0.35794729
8,814,889,PC*,PC*,F,M,True,0.35728103
8,889,895,PC*,PC*,M,F,True,0.34802365
8,610,661,PC,PC,M,M,True,0.34507358
8,644,683,PC,PC,F,F,True,0.33833978
8,609,613,PC,PC,M,M,True,0.33333334
8,609,610,PC,PC,M,M,True,0.33333334
8,603,684,MP*2,MP*2,M,M,True,0.33333334
8,830,864,PSI*,PSI*,M,M,True,0.33333334
8,864,868,PSI*,PSI*,M,M,True,0.33333334
8,684,1622,MP*2,MP*1,M,M,False,0.33333334
8,606,651,MP*2,PC,F,M,False,0.33262241
8,616,692,PC,PC,M,M,True,0.3316558
8,613,698,PC,PC,M,M,True,0.32626837
8,635,894,PC,PC*,F,M,False,0.32492381
8,615,651,MP*2,PC,F,M,False,0.32074466
8,867,873,PSI*,PSI*,M,F,True,0.31946051
8,676,873,PSI*,PSI*,M,F,True,0.31946051
8,615,677,MP*2,MP*2,F,M,True,0.31619692
8,852,869,PSI*,PSI*,F,M,True,0.31519184
8,646,699,MP*2,MP*2,M,M,True,0.31181902
8,619,695,MP*2,MP*2,M,M,True,0.31181902
8,834,854,PSI*,PSI*,M,F,True,0.30819118
8,660,894,PC,PC*,M,M,False,0.30479038
8,616,644,PC,PC,M,F,True,0.29854453
8,603,1629,MP*2,MP*1,M,M,False,0.29720914
8,676,855,PSI*,PSI*,M,F,True,0.29507923
8,691,695,MP*2,MP*2,M,M,True,0.28751612
8,681,892,PC,PC*,F,M,False,0.28577477
8,681,893,PC,PC*,F,M,False,0.28577477
8,606,611,MP*2,MP*2,F,M,True,0.28363898
8,606,621,MP*2,MP*2,F,M,True,0.28363895
8,813,838,PSI*,PSI*,F,F,True,0.28187999
8,628,635,PC,PC,F,F,True,0.2804687
8,674,1678,MP*2,MP*1,M,M,False,0.2800701
8,892,898,PC*,PC*,M,M,True,0.27942425
8,669,1667,MP*2,MP*1,M,M,False,0.27204704
8,863,867,PSI*,PSI*,F,M,True,0.2712329
8,827,871,PSI*,PSI*,M,M,True,0.26930016
8,650,677,MP*2,MP*2,M,M,True,0.26525196
8,867,869,PSI*,PSI*,M,M,True,0.26460251
8,668,685,MP*2,MP*2,F,F,True,0.26446497
8,1164,1190,MP*1,MP*1,M,M,True,0.26388845
8,1629,1667,MP*1,MP*1,M,M,True,0.26335374
8,601,803,PC,PC*,M,F,False,0.25938076
8,1632,1662,MP*1,MP*1,M,F,True,0.258825
8,826,893,PSI*,PC*,M,M,False,0.25632587
8,669,1662,MP*2,MP*1,M,F,False,0.25595134
8,803,854,PC*,PSI*,F,F,False,0.25575781
8,685,1662,MP*2,MP*1,F,F,False,0.2524626
8,1657,1667,MP*1,MP*1,M,M,True,0.25181627
8,1181,1651,MP*1,MP*1,M,M,True,0.25
8,1651,1674,MP*1,MP*1,M,M,True,0.25
8,1492,1651,MP*1,MP*1,M,M,True,0.25
8,809,1657,PC*,MP*1,M,M,False,0.24853939
8,661,1658,PC,MP*1,M,M,False,0.24640462
8,838,852,PSI*,PSI*,F,F,True,0.2448134
8,807,824,PC*,PC*,M,F,True,0.24427952
8,658,824,PC,PC*,M,F,False,0.2442795
8,813,852,PSI*,PSI*,F,F,True,0.23972657
8,649,695,MP*2,MP*2,M,M,True,0.23749463
8,654,681,PC,PC,M,F,True,0.23733188
8,804,834,PC*,PSI*,M,M,False,0.23706798
8,616,683,PC,PC,M,F,True,0.23650551
8,1632,1671,MP*1,MP*1,M,M,True,0.23558971
8,1657,1672,MP*1,MP*1,M,M,True,0.23266739
8,1170,1657,MP*1,MP*1,M,M,True,0.23266739
8,635,661,PC,PC,F,M,True,0.23213707
8,661,894,PC,PC*,M,M,False,0.23078448
8,826,838,PSI*,PSI*,M,F,True,0.22794187
8,676,867,PSI*,PSI*,M,M,True,0.22787923
8,1644,1856,MP*1,MP*1,M,M,True,0.22648484
8,641,646,MP*2,MP*2,M,M,True,0.22629225
8,677,1658,MP*2,MP*1,M,M,False,0.22546586
8,610,613,PC,PC,M,M,True,0.2245772
8,654,892,PC,PC*,M,M,False,0.22248274
8,654,893,PC,PC*,M,M,False,0.22248274
8,1144,1644,MP*1,MP*1,F,M,True,0.22227167
8,641,1671,MP*2,MP*1,M,M,False,0.22158045
8,646,691,MP*2,MP*2,M,M,True,0.22146708
8,628,661,PC,PC,F,M,True,0.21771803
8,601,854,PC,PSI*,M,F,False,0.2169916
8,641,1856,MP*2,MP*1,M,M,False,0.21341629
8,650,1144,MP*2,MP*1,M,F,False,0.21160069
8,813,867,PSI*,PSI*,F,M,True,0.2101104
8,827,834,PSI*,PSI*,M,M,True,0.20996986
8,690,824,PC,PC*,M,F,False,0.20966534
8,668,1662,MP*2,MP*1,F,F,False,0.20938563
8,1164,1657,MP*1,MP*1,M,M,True,0.20924708
8,1657,1856,MP*1,MP*1,M,M,True,0.20908304
8,620,1678,MP*2,MP*1,M,M,False,0.20731163
8,654,869,PC,PSI*,M,M,False,0.20465444
8,668,674,MP*2,MP*2,F,M,True,0.20403692
8,669,1658,MP*2,MP*1,M,M,False,0.20398146
8,620,685,MP*2,MP*2,M,F,True,0.20383389
8,628,674,PC,MP*2,F,M,False,0.20263544
8,615,650,MP*2,MP*2,F,M,True,0.20244975
8,1144,1190,MP*1,MP*1,F,M,True,0.2017484
8,803,804,PC*,PC*,F,M,True,0.20123515
8,621,649,MP*2,MP*2,M,M,True,0.20020241
8,826,852,PSI*,PSI*,M,F,True,0.1978071
8,1144,1629,MP*1,MP*1,F,M,True,0.1970333
8,611,621,MP*2,MP*2,M,M,True,0.19661802
8,1613,1657,MP*1,MP*1,M,M,True,0.19541508
8,1657,1674,MP*1,MP*1,M,M,True,0.19541508
8,1492,1657,MP*1,MP*1,M,M,True,0.19541508
8,658,804,PC,PC*,M,M,False,0.19468692
8,804,807,PC*,PC*,M,M,True,0.19468689
8,804,824,PC*,PC*,M,F,True,0.19437227
8,674,1662,MP*2,MP*1,M,F,False,0.19430619
8,606,615,MP*2,MP*2,F,F,True,0.19243845
8,1170,1672,MP*1,MP*1,M,M,True,0.19183317
8,1170,1678,MP*1,MP*1,M,M,True,0.19183317
8,1613,1672,MP*1,MP*1,M,M,True,0.19183315
8,1170,1613,MP*1,MP*1,M,M,True,0.19183315
8,1492,1672,MP*1,MP*1,M,M,True,0.19183315
8,615,641,MP*2,MP*2,F,M,True,0.19116986
8,658,807,PC,PC*,M,M,False,0.18957371
8,646,1164,MP*2,MP*1,M,M,False,0.18408021
8,690,807,PC,PC*,M,M,False,0.18188617
8,658,690,PC,PC,M,M,True,0.18188615
8,649,1671,MP*2,MP*1,M,M,False,0.18094328
8,1671,1856,MP*1,MP*1,M,M,True,0.18094328
8,650,669,MP*2,MP*2,M,M,True,0.18090922
8,620,668,MP*2,MP*2,M,F,True,0.18089339
8,641,649,MP*2,MP*2,M,M,True,0.18010628
8,649,691,MP*2,MP*2,M,M,True,0.17640892
8,611,691,MP*2,MP*2,M,M,True,0.1747359
8,621,691,MP*2,MP*2,M,M,True,0.17473587
8,1190,1632,MP*1,MP*1,M,M,True,0.174541
8,669,1190,MP*2,MP*1,M,M,False,0.1724392
8,615,691,MP*2,MP*2,F,M,True,0.17231688
8,620,1662,MP*2,MP*1,M,F,False,0.17228301
8,1190,1629,MP*1,MP*1,M,M,True,0.17114171
8,601,804,PC,PC*,M,M,False,0.17003235
8,1181,1657,MP*1,MP*1,M,M,True,0.168455
8,826,867,PSI*,PSI*,M,M,True,0.16810876
8,1632,1644,MP*1,MP*1,M,M,True,0.16647488
8,690,804,PC,PC*,M,M,False,0.16585387
8,1181,1658,MP*1,MP*1,M,M,True,0.16207403
8,827,854,PSI*,PSI*,M,F,True,0.16164063
8,1629,1644,MP*1,MP*1,M,M,True,0.16108805
8,1181,1492,MP*1,MP*1,M,M,True,0.16091698
8,1181,1674,MP*1,MP*1,M,M,True,0.16091698
8,1492,1674,MP*1,MP*1,M,M,True,0.16091698
8,1613,1678,MP*1,MP*1,M,M,True,0.16091698
8,1613,1674,MP*1,MP*1,M,M,True,0.16091698
8,641,650,MP*2,MP*2,M,M,True,0.16029245
8,620,674,MP*2,MP*2,M,M,True,0.1552683
8,1644,1657,MP*1,MP*1,M,M,True,0.15393883
8,601,827,PC,PSI*,M,M,False,0.1516728
8,690,827,PC,PSI*,M,M,False,0.14666237
8,1632,1657,MP*1,MP*1,M,M,True,0.14147235
8,628,1657,PC,MP*1,F,M,False,0.14145254
8,1181,1678,MP*1,MP*1,M,M,True,0.13859084
8,852,867,PSI*,PSI*,F,M,True,0.13380143
8,826,827,PSI*,PSI*,M,M,True,0.13343006
8,606,1657,MP*2,MP*1,F,M,False,0.1258198
8,641,691,MP*2,MP*2,M,M,True,0.12058471
8,1657,1678,MP*1,MP*1,M,M,True,0.11268161
9,880,887,PC*,PC*,M,M,True,0.69337893
9,880,896,PC*,PC*,M,M,True,0.69337893
9,815,880,PC*,PC*,M,M,True,0.69337893
9,809,880,PC*,PC*,M,M,True,0.69337893
9,882,889,PC*,PC*,M,M,True,0.69337893
9,851,856,PSI*,PSI*,M,M,True,0.59404677
9,611,622,MP*2,MP*2,M,M,True,0.59297949
9,636,656,PC,PC,M,M,True,0.57615477
9,883,889,PC*,PC*,M,M,True,0.56494373
9,621,689,MP*2,MP*2,M,M,True,0.55814958
9,1660,1679,MP*1,MP*1,F,M,True,0.55086672
9,1629,1667,MP*1,MP*1,M,M,True,0.54625213
9,620,674,MP*2,MP*2,M,M,True,0.5338583
9,804,868,PC*,PSI*,M,M,False,0.50463098
9,619,695,MP*2,MP*2,M,M,True,0.5
9,652,682,PC,PC,M,M,True,0.5
9,892,898,PC*,PC*,M,M,True,0.5
9,825,856,PSI*,PSI*,M,M,True,0.5
9,612,678,MP*2,MP*2,M,M,True,0.5
9,888,890,PC*,PC*,M,M,True,0.5
9,819,822,PC*,PC*,F,F,True,0.5
9,828,854,PSI*,PSI*,M,F,True,0.49840376
9,1144,1658,MP*1,MP*1,F,M,True,0.4925136
9,857,867,PSI*,PSI*,M,M,True,0.48393846
9,647,1662,MP*2,MP*1,F,F,False,0.47952083
9,668,1662,MP*2,MP*1,F,F,False,0.47952083
9,862,863,PSI*,PSI*,F,F,True,0.47952083
9,804,834,PC*,PSI*,M,M,False,0.47870988
9,664,867,PSI*,PSI*,F,M,True,0.46287024
9,821,888,PC*,PC*,M,M,True,0.44994143
9,848,853,PSI*,PSI*,M,F,True,0.4483918
9,889,891,PC*,PC*,M,M,True,0.4241575
9,650,669,MP*2,MP*2,M,M,True,0.41949505
9,849,880,PC*,PC*,F,M,True,0.41109249
9,613,685,PC,MP*2,M,F,False,0.41109249
9,852,869,PSI*,PSI*,F,M,True,0.40685117
9,851,854,PSI*,PSI*,M,F,True,0.4027842
9,654,1674,PC,MP*1,M,M,False,0.39887717
9,660,681,PC,PC,M,F,True,0.38998693
9,821,852,PC*,PSI*,M,F,False,0.38705063
9,845,855,PSI*,PSI*,F,F,True,0.38355958
9,827,830,PSI*,PSI*,M,M,True,0.38198203
9,1649,1651,MP*1,MP*1,F,M,True,0.3806386
9,838,841,PSI*,PSI*,F,F,True,0.38015276
9,641,1856,MP*2,MP*1,M,M,False,0.37780088
9,615,677,MP*2,MP*2,F,M,True,0.37283054
9,610,698,PC,PC,M,M,True,0.37244973
9,676,855,PSI*,PSI*,M,F,True,0.37174207
9,854,866,PSI*,PSI*,F,M,True,0.36545521
9,634,854,PSI*,PSI*,M,F,True,0.36545521
9,626,698,PC,PC,M,M,True,0.35240412
9,600,609,PC,PC,F,M,True,0.34880841
9,886,889,PC*,PC*,M,M,True,0.34675092
9,848,857,PSI*,PSI*,M,M,True,0.34434882
9,669,1190,MP*2,MP*1,M,M,False,0.33621624
9,1190,1632,MP*1,MP*1,M,M,True,0.33566475
9,1164,1657,MP*1,MP*1,M,M,True,0.33566463
9,830,864,PSI*,PSI*,M,M,True,0.33333334
9,864,868,PSI*,PSI*,M,M,True,0.33333334
9,603,612,MP*2,MP*2,M,M,True,0.33333334
9,1108,1618,MP*1,MP*1,M,M,True,0.33333334
9,1618,1628,MP*1,MP*1,M,M,True,0.33333334
9,1601,1644,MP*1,MP*1,M,M,True,0.33333334
9,1108,1601,MP*1,MP*1,M,M,True,0.33333334
9,891,898,PC*,PC*,M,M,True,0.33333334
9,676,873,PSI*,PSI*,M,F,True,0.3269878
9,641,649,MP*2,MP*2,M,M,True,0.32276365
9,867,873,PSI*,PSI*,M,F,True,0.32111859
9,894,895,PC*,PC*,M,F,True,0.31814075
9,634,866,PSI*,PSI*,M,M,True,0.31727239
9,841,848,PSI*,PSI*,F,M,True,0.31602794
9,609,690,PC,PC,M,M,True,0.31170136
9,854,871,PSI*,PSI*,F,M,True,0.30781221
9,654,869,PC,PSI*,M,M,False,0.3042981
9,814,895,PC*,PC*,F,F,True,0.29954332
9,650,677,MP*2,MP*2,M,M,True,0.29135537
9,603,1629,MP*2,MP*1,M,M,False,0.28822508
9,1628,1629,MP*1,MP*1,M,M,True,0.28822508
9,646,691,MP*2,MP*2,M,M,True,0.28822505
9,826,845,PSI*,PSI*,M,F,True,0.28799558
9,610,658,PC,PC,M,M,True,0.28347585
9,821,886,PC*,PC*,M,M,True,0.28269276
9,863,867,PSI*,PSI*,F,M,True,0.28110677
9,813,838,PSI*,PSI*,F,F,True,0.28030241
9,628,651,PC,PC,F,M,True,0.28005633
9,827,834,PSI*,PSI*,M,M,True,0.27981949
9,1645,1657,MP*1,MP*1,M,M,True,0.27660018
9,628,696,PC,PC,F,F,True,0.2747646
9,636,1662,PC,MP*1,M,F,False,0.27172637
9,654,1662,PC,MP*1,M,F,False,0.26929563
9,650,674,MP*2,MP*2,M,M,True,0.26827866
9,683,692,PC,PC,F,M,True,0.2677846
9,644,683,PC,PC,F,F,True,0.26351672
9,601,803,PC,PC*,M,F,False,0.26204801
9,650,684,MP*2,MP*2,M,M,True,0.25582626
9,636,696,PC,PC,M,F,True,0.25192708
9,618,651,PC,PC,F,M,True,0.2515814
9,616,692,PC,PC,M,M,True,0.2503306
9,1170,1613,MP*1,MP*1,M,M,True,0.25
9,1170,1672,MP*1,MP*1,M,M,True,0.25
9,1170,1671,MP*1,MP*1,M,M,True,0.25
9,891,894,PC*,PC*,M,M,True,0.24943545
9,1181,1651,MP*1,MP*1,M,M,True,0.24821669
9,1181,1657,MP*1,MP*1,M,M,True,0.2482166
9,606,641,MP*2,MP*2,F,M,True,0.24623765
9,618,692,PC,PC,F,M,True,0.2461642
9,616,644,PC,PC,M,F,True,0.24400795
9,606,611,MP*2,MP*2,F,M,True,0.24255502
9,813,852,PSI*,PSI*,F,F,True,0.2415278
9,1144,1190,MP*1,MP*1,F,M,True,0.241142
9,646,1164,MP*2,MP*1,M,M,False,0.23725832
9,603,684,MP*2,MP*2,M,M,True,0.23725832
9,1108,1628,MP*1,MP*1,M,M,True,0.23725832
9,646,684,MP*2,MP*2,M,M,True,0.23725832
9,620,696,MP*2,PC,M,F,False,0.23675491
9,656,660,PC,PC,M,M,True,0.23591754
9,628,654,PC,PC,F,M,True,0.23590827
9,1492,1657,MP*1,MP*1,M,M,True,0.23535216
9,618,698,PC,PC,F,M,True,0.23511536
9,1629,1644,MP*1,MP*1,M,M,True,0.23329756
9,1629,1678,MP*1,MP*1,M,M,True,0.23329756
9,826,871,PSI*,PSI*,M,M,True,0.23323037
9,621,695,MP*2,MP*2,M,M,True,0.23251989
9,838,852,PSI*,PSI*,F,F,True,0.23032764
9,620,626,MP*2,PC,M,M,False,0.22790223
9,826,867,PSI*,PSI*,M,M,True,0.22491995
9,651,658,PC,PC,M,M,True,0.22261788
9,1164,1645,MP*1,MP*1,M,M,True,0.22144513
9,1632,1671,MP*1,MP*1,M,M,True,0.22144508
9,1108,1632,MP*1,MP*1,M,M,True,0.22144508
9,691,695,MP*2,MP*2,M,M,True,0.21996394
9,814,889,PC*,PC*,F,M,True,0.21992031
9,889,895,PC*,PC*,M,F,True,0.21992031
9,814,880,PC*,PC*,F,M,True,0.21992031
9,620,683,MP*2,PC,M,F,False,0.21858561
9,883,888,PC*,PC*,M,M,True,0.21752813
9,886,894,PC*,PC*,M,M,True,0.21723795
9,636,660,PC,PC,M,M,True,0.21601486
9,606,621,MP*2,MP*2,F,M,True,0.21575573
9,601,854,PC,PSI*,M,F,False,0.21521342
9,803,824,PC*,PC*,F,F,True,0.21518415
9,803,807,PC*,PC*,F,M,True,0.21480469
9,813,867,PSI*,PSI*,F,M,True,0.21293573
9,641,1671,MP*2,MP*1,M,M,False,0.21165188
9,827,871,PSI*,PSI*,M,M,True,0.21154955
9,616,683,PC,PC,M,F,True,0.21061704
9,644,658,PC,PC,F,M,True,0.21001603
9,610,613,PC,PC,M,M,True,0.20842123
9,1492,1672,MP*1,MP*1,M,M,True,0.2
9,1613,1672,MP*1,MP*1,M,M,True,0.2
9,1671,1672,MP*1,MP*1,M,M,True,0.2
9,611,684,MP*2,MP*2,M,M,True,0.19900905
9,615,641,MP*2,MP*2,F,M,True,0.19511424
9,660,894,PC,PC*,M,M,False,0.19455373
9,807,824,PC*,PC*,M,F,True,0.1943029
9,1644,1856,MP*1,MP*1,M,M,True,0.19167562
9,1492,1644,MP*1,MP*1,M,M,True,0.19167562
9,1613,1678,MP*1,MP*1,M,M,True,0.1916756
9,1492,1678,MP*1,MP*1,M,M,True,0.1916756
9,1108,1678,MP*1,MP*1,M,M,True,0.1916756
9,1622,1651,MP*1,MP*1,M,M,True,0.18800411
9,1622,1657,MP*1,MP*1,M,M,True,0.18800402
9,683,698,PC,PC,F,M,True,0.18657693
9,613,626,PC,PC,M,M,True,0.18509148
9,615,650,MP*2,MP*2,F,M,True,0.18423393
9,649,695,MP*2,MP*2,M,M,True,0.1825054
9,650,1144,MP*2,MP*1,M,F,False,0.18194765
9,1613,1657,MP*1,MP*1,M,M,True,0.18141469
9,1622,1645,MP*1,MP*1,M,M,True,0.18084997
9,1645,1671,MP*1,MP*1,M,M,True,0.18084997
9,628,658,PC,PC,F,M,True,0.172874
9,1144,1629,MP*1,MP*1,F,M,True,0.17271106
9,1629,1856,MP*1,MP*1,M,M,True,0.17253694
9,600,616,PC,PC,F,M,True,0.17228496
9,601,804,PC,PC*,M,M,False,0.16999632
9,803,854,PC*,PSI*,F,F,False,0.16857386
9,1181,1674,MP*1,MP*1,M,M,True,0.16785558
9,1181,1622,MP*1,MP*1,M,M,True,0.16785558
9,827,854,PSI*,PSI*,M,F,True,0.16785339
9,1190,1629,MP*1,MP*1,M,M,True,0.16590382
9,1651,1657,MP*1,MP*1,M,M,True,0.16529366
9,611,621,MP*2,MP*2,M,M,True,0.16528122
9,615,691,MP*2,MP*2,F,M,True,0.16451469
9,690,824,PC,PC*,M,F,False,0.1595169
9,683,1662,PC,MP*1,F,F,False,0.15907717
9,613,698,PC,PC,M,M,True,0.15881306
9,803,804,PC*,PC*,F,M,True,0.15873104
9,611,691,MP*2,MP*2,M,M,True,0.15763354
9,658,807,PC,PC*,M,M,False,0.15756829
9,658,824,PC,PC*,M,F,False,0.15737857
9,852,867,PSI*,PSI*,F,M,True,0.15658535
9,1492,1674,MP*1,MP*1,M,M,True,0.15292957
9,600,613,PC,PC,F,M,True,0.15260333
9,621,649,MP*2,MP*2,M,M,True,0.15239468
9,601,827,PC,PSI*,M,M,False,0.1512444
9,826,827,PSI*,PSI*,M,M,True,0.15078482
9,613,658,PC,PC,M,M,True,0.15046129
9,1671,1856,MP*1,MP*1,M,M,True,0.1498874
9,620,650,MP*2,MP*2,M,M,True,0.14819331
9,600,698,PC,PC,F,M,True,0.14764541
9,649,691,MP*2,MP*2,M,M,True,0.14585125
9,683,1657,PC,MP*1,F,M,False,0.14500108
9,804,824,PC*,PC*,M,F,True,0.14327508
9,690,807,PC,PC*,M,M,False,0.14190954
9,621,691,MP*2,MP*2,M,M,True,0.13926232
9,804,807,PC*,PC*,M,M,True,0.13786173
9,1190,1671,MP*1,MP*1,M,M,True,0.13744196
9,684,1622,MP*2,MP*1,M,M,False,0.13629119
9,600,690,PC,PC,F,M,True,0.13371351
9,690,827,PC,PSI*,M,M,False,0.13029718
9,641,650,MP*2,MP*2,M,M,True,0.1290195
9,658,690,PC,PC,M,M,True,0.12882055
9,1651,1674,MP*1,MP*1,M,M,True,0.12836227
9,641,691,MP*2,MP*2,M,M,True,0.12716857
9,649,1671,MP*2,MP*1,M,M,False,0.12633014
9,600,658,PC,PC,F,M,True,0.1252909
9,1108,1671,MP*1,MP*1,M,M,True,0.125
9,1108,1613,MP*1,MP*1,M,M,True,0.125
9,1622,1674,MP*1,MP*1,M,M,True,0.12479839
9,626,1657,PC,MP*1,M,M,False,0.12373564
9,650,691,MP*2,MP*2,M,M,True,0.11945737
9,1613,1671,MP*1,MP*1,M,M,True,0.11694077
9,1613,1674,MP*1,MP*1,M,M,True,0.11694077
9,658,804,PC,PC*,M,M,False,0.11473133
9,600,1657,PC,MP*1,F,M,False,0.11224895
9,690,804,PC,PC*,M,M,False,0.1120215
9,1657,1674,MP*1,MP*1,M,M,True,0.10064881
10,848,857,PSI*,PSI*,M,M,True,0.74773443
10,809,880,PC*,PC*,M,M,True,0.74589312
10,880,887,PC*,PC*,M,M,True,0.74589312
10,888,890,PC*,PC*,M,M,True,0.74334621
10,883,889,PC*,PC*,M,M,True,0.74011552
10,649,695,MP*2,MP*2,M,M,True,0.73626477
10,1164,1657,MP*1,MP*1,M,M,True,0.71658498
10,620,674,MP*2,MP*2,M,M,True,0.65353394
10,851,856,PSI*,PSI*,M,M,True,0.65353394
10,826,827,PSI*,PSI*,M,M,True,0.63993067
10,621,695,MP*2,MP*2,M,M,True,0.63993067
10,826,871,PSI*,PSI*,M,M,True,0.63993067
10,636,656,PC,PC,M,M,True,0.62152594
10,894,898,PC*,PC*,M,M,True,0.60402316
10,1144,1658,MP*1,MP*1,F,M,True,0.55144203
10,867,873,PSI*,PSI*,M,F,True,0.55144203
10,882,889,PC*,PC*,M,M,True,0.550758
10,1645,1657,MP*1,MP*1,M,M,True,0.53657395
10,886,889,PC*,PC*,M,M,True,0.50323159
10,889,891,PC*,PC*,M,M,True,0.50323159
10,821,886,PC*,PC*,M,M,True,0.5
10,862,863,PSI*,PSI*,F,F,True,0.5
10,1629,1667,MP*1,MP*1,M,M,True,0.5
10,1190,1671,MP*1,MP*1,M,M,True,0.5
10,819,822,PC*,PC*,F,F,True,0.5
10,611,684,MP*2,MP*2,M,M,True,0.49999997
10,646,684,MP*2,MP*2,M,M,True,0.49999997
10,621,689,MP*2,MP*2,M,M,True,0.49999991
10,825,856,PSI*,PSI*,M,M,True,0.49999991
10,612,678,MP*2,MP*2,M,M,True,0.49999991
10,654,1674,PC,MP*1,M,M,False,0.49732971
10,681,686,PC,PC,F,F,True,0.47924101
10,668,1662,MP*2,MP*1,F,F,False,0.47277695
10,606,641,MP*2,MP*2,F,M,True,0.44855797
10,848,853,PSI*,PSI*,M,F,True,0.44855797
10,623,636,PC,PC,F,M,True,0.44855797
10,651,667,PC,PC,M,F,True,0.44855797
10,888,895,PC*,PC*,M,F,True,0.43984553
10,849,880,PC*,PC*,F,M,True,0.43361223
10,1660,1679,MP*1,MP*1,F,M,True,0.4315421
10,620,650,MP*2,MP*2,M,M,True,0.42939442
10,1613,1657,MP*1,MP*1,M,M,True,0.42115304
10,851,854,PSI*,PSI*,M,F,True,0.41027457
10,826,845,PSI*,PSI*,M,F,True,0.40342212
10,1649,1651,MP*1,MP*1,F,M,True,0.38135567
10,838,841,PSI*,PSI*,F,F,True,0.38033903
10,803,824,PC*,PC*,F,F,True,0.37872228
10,854,866,PSI*,PSI*,F,M,True,0.37221044
10,634,854,PSI*,PSI*,M,F,True,0.37221044
10,685,695,MP*2,MP*2,F,M,True,0.36131358
10,600,609,PC,PC,F,M,True,0.34747112
10,803,807,PC*,PC*,F,M,True,0.343963
10,616,644,PC,PC,M,F,True,0.34215581
10,615,641,MP*2,MP*2,F,M,True,0.3393164
10,1108,1618,MP*1,MP*1,M,M,True,0.33333343
10,1492,1644,MP*1,MP*1,M,M,True,0.33333343
10,1108,1601,MP*1,MP*1,M,M,True,0.33333343
10,1108,1628,MP*1,MP*1,M,M,True,0.33333343
10,603,684,MP*2,MP*2,M,M,True,0.33333337
10,1629,1856,MP*1,MP*1,M,M,True,0.33333337
10,1632,1856,MP*1,MP*1,M,M,True,0.33333337
10,838,852,PSI*,PSI*,F,F,True,0.33333334
10,813,838,PSI*,PSI*,F,F,True,0.33333334
10,813,852,PSI*,PSI*,F,F,True,0.33333334
10,603,612,MP*2,MP*2,M,M,True,0.33333331
10,1618,1628,MP*1,MP*1,M,M,True,0.33333331
10,1601,1644,MP*1,MP*1,M,M,True,0.33333331
10,609,690,PC,PC,M,M,True,0.32626441
10,1181,1651,MP*1,MP*1,M,M,True,0.32574907
10,1181,1657,MP*1,MP*1,M,M,True,0.32574907
10,615,691,MP*2,MP*2,F,M,True,0.31839544
10,841,848,PSI*,PSI*,F,M,True,0.31627154
10,654,1662,PC,MP*1,M,F,False,0.31596339
10,634,866,PSI*,PSI*,M,M,True,0.31389478
10,610,698,PC,PC,M,M,True,0.31141177
10,610,658,PC,PC,M,M,True,0.31141177
10,613,685,PC,MP*2,M,F,False,0.30486369
10,1622,1651,MP*1,MP*1,M,M,True,0.30201155
10,1622,1657,MP*1,MP*1,M,M,True,0.30201155
10,660,681,PC,PC,M,F,True,0.28795201
10,644,658,PC,PC,F,M,True,0.28776121
10,628,654,PC,PC,F,M,True,0.28406164
10,641,691,MP*2,MP*2,M,M,True,0.28389657
10,894,895,PC*,PC*,M,F,True,0.28387055
10,814,895,PC*,PC*,F,F,True,0.27685276
10,882,894,PC*,PC*,M,M,True,0.27482915
10,626,698,PC,PC,M,M,True,0.27418223
10,620,626,MP*2,PC,M,M,False,0.27418223
10,628,696,PC,PC,F,F,True,0.27087259
10,814,880,PC*,PC*,F,M,True,0.26756945
10,1657,1679,MP*1,MP*1,M,M,True,0.26024181
10,650,691,MP*2,MP*2,M,M,True,0.257278
10,690,824,PC,PC*,M,F,False,0.25618738
10,683,692,PC,PC,F,M,True,0.25571224
10,616,692,PC,PC,M,M,True,0.25473842
10,620,696,MP*2,PC,M,F,False,0.25092325
10,618,651,PC,PC,F,M,True,0.2506811
10,618,692,PC,PC,F,M,True,0.2506811
10,1632,1671,MP*1,MP*1,M,M,True,0.25000003
10,1492,1674,MP*1,MP*1,M,M,True,0.25000003
10,1108,1632,MP*1,MP*1,M,M,True,0.25000003
10,1492,1678,MP*1,MP*1,M,M,True,0.25000003
10,1629,1678,MP*1,MP*1,M,M,True,0.25000003
10,1170,1672,MP*1,MP*1,M,M,True,0.25
10,1170,1671,MP*1,MP*1,M,M,True,0.25
10,1108,1678,MP*1,MP*1,M,M,True,0.25
10,1671,1672,MP*1,MP*1,M,M,True,0.25
10,1170,1613,MP*1,MP*1,M,M,True,0.24999996
10,1613,1672,MP*1,MP*1,M,M,True,0.24999996
10,610,613,PC,PC,M,M,True,0.24966231
10,636,696,PC,PC,M,F,True,0.23471004
10,886,894,PC*,PC*,M,M,True,0.23151235
10,891,894,PC*,PC*,M,M,True,0.23151235
10,658,807,PC,PC*,M,M,False,0.22400361
10,690,807,PC,PC*,M,M,False,0.22400361
10,814,889,PC*,PC*,F,M,True,0.2235146
10,618,698,PC,PC,F,M,True,0.22277731
10,613,626,PC,PC,M,M,True,0.21648383
10,620,683,MP*2,PC,M,F,False,0.21483707
10,683,698,PC,PC,F,M,True,0.21209565
10,656,660,PC,PC,M,M,True,0.20973697
10,636,660,PC,PC,M,M,True,0.20941734
10,651,660,PC,PC,M,M,True,0.20941734
10,889,895,PC*,PC*,M,F,True,0.20937729
10,636,1662,PC,MP*1,M,F,False,0.20904194
10,616,683,PC,PC,M,F,True,0.20364161
10,650,684,MP*2,MP*2,M,M,True,0.19999999
10,891,898,PC*,PC*,M,M,True,0.19798847
10,628,651,PC,PC,F,M,True,0.18901867
10,683,1662,PC,MP*1,F,F,False,0.18792579
10,827,871,PSI*,PSI*,M,M,True,0.18003467
10,600,616,PC,PC,F,M,True,0.17967957
10,650,674,MP*2,MP*2,M,M,True,0.17323303
10,613,698,PC,PC,M,M,True,0.17093477
10,628,658,PC,PC,F,M,True,0.16748285
10,600,690,PC,PC,F,M,True,0.16711062
10,1651,1657,MP*1,MP*1,M,M,True,0.16545415
10,600,613,PC,PC,F,M,True,0.16007267
10,1622,1645,MP*1,MP*1,M,M,True,0.15447533
10,1645,1671,MP*1,MP*1,M,M,True,0.15447533
10,658,690,PC,PC,M,M,True,0.15329194
10,613,658,PC,PC,M,M,True,0.15260799
10,651,658,PC,PC,M,M,True,0.14649644
10,600,658,PC,PC,F,M,True,0.13964994
10,626,1657,PC,MP*1,M,M,False,0.13280255
10,683,1657,PC,MP*1,F,M,False,0.12942597
10,1651,1674,MP*1,MP*1,M,M,True,0.12823972
10,1108,1671,MP*1,MP*1,M,M,True,0.12500003
10,1108,1613,MP*1,MP*1,M,M,True,0.12499999
10,1613,1671,MP*1,MP*1,M,M,True,0.12499997
10,600,1657,PC,MP*1,F,M,False,0.11839525
10,1181,1674,MP*1,MP*1,M,M,True,0.11616728
10,1181,1622,MP*1,MP*1,M,M,True,0.11616728
10,1622,1674,MP*1,MP*1,M,M,True,0.09899423
10,1613,1674,MP*1,MP*1,M,M,True,0.09647449
10,1657,1674,MP*1,MP*1,M,M,True,0.09013703
11,609,690,PC,PC,M,M,True,0.74339408
11,826,827,PSI*,PSI*,M,M,True,0.74339408
11,610,613,PC,PC,M,M,True,0.74339408
11,809,819,PC*,PC*,M,F,True,0.56922495
11,867,873,PSI*,PSI*,M,F,True,0.55053747
11,623,636,PC,PC,F,M,True,0.55053747
11,854,866,PSI*,PSI*,F,M,True,0.55053747
11,685,695,MP*2,MP*2,F,M,True,0.55053747
11,888,895,PC*,PC*,M,F,True,0.55053747
11,665,691,MP*2,MP*2,F,M,True,0.55053747
11,1657,1679,MP*1,MP*1,M,M,True,0.53424907
11,628,654,PC,PC,F,M,True,0.52322495
11,848,857,PSI*,PSI*,M,M,True,0.5
11,862,863,PSI*,PSI*,F,F,True,0.5
11,616,692,PC,PC,M,M,True,0.5
11,838,852,PSI*,PSI*,F,F,True,0.5
11,1108,1601,MP*1,MP*1,M,M,True,0.5
11,1148,1190,MP*1,MP*1,M,M,True,0.5
11,626,698,PC,PC,M,M,True,0.5
11,627,635,PC,PC,F,F,True,0.5
11,603,612,MP*2,MP*2,M,M,True,0.49999994
11,1164,1657,MP*1,MP*1,M,M,True,0.49999994
11,1629,1856,MP*1,MP*1,M,M,True,0.49999994
11,1613,1672,MP*1,MP*1,M,M,True,0.49999994
11,1651,1657,MP*1,MP*1,M,M,True,0.49999994
11,1645,1671,MP*1,MP*1,M,M,True,0.49999994
11,1170,1672,MP*1,MP*1,M,M,True,0.49999994
11,603,684,MP*2,MP*2,M,M,True,0.49999994
11,1657,1674,MP*1,MP*1,M,M,True,0.49999994
11,819,822,PC*,PC*,F,F,True,0.47858155
11,1660,1662,MP*1,MP*1,F,F,True,0.47858155
11,681,686,PC,PC,F,F,True,0.47858149
11,1660,1679,MP*1,MP*1,F,M,True,0.47267145
11,826,845,PSI*,PSI*,M,F,True,0.45398289
11,651,667,PC,PC,M,F,True,0.45184892
11,600,613,PC,PC,F,M,True,0.42700124
11,600,609,PC,PC,F,M,True,0.42700124
11,660,681,PC,PC,M,F,True,0.4165473
11,1181,1657,MP*1,MP*1,M,M,True,0.33333337
11,882,889,PC*,PC*,M,M,True,0.33333337
11,1622,1657,MP*1,MP*1,M,M,True,0.33333337
11,889,894,PC*,PC*,M,M,True,0.33333337
11,1632,1671,MP*1,MP*1,M,M,True,0.33333334
11,1632,1856,MP*1,MP*1,M,M,True,0.33333334
11,1181,1622,MP*1,MP*1,M,M,True,0.33333331
11,628,651,PC,PC,F,M,True,0.31899428
11,651,660,PC,PC,M,M,True,0.30832654
11,880,887,PC*,PC*,M,M,True,0.25
11,891,898,PC*,PC*,M,M,True,0.25
11,894,898,PC*,PC*,M,M,True,0.25
11,882,894,PC*,PC*,M,M,True,0.25
11,887,891,PC*,PC*,M,M,True,0.25
11,887,898,PC*,PC*,M,M,True,0.25
11,880,882,PC*,PC*,M,M,True,0.25
11,880,891,PC*,PC*,M,M,True,0.25
11,891,894,PC*,PC*,M,M,True,0.20000002
12,609,690,PC,PC,M,M,True,0.74342406
12,610,613,PC,PC,M,M,True,0.74342406
12,826,827,PSI*,PSI*,M,M,True,0.73645425
12,826,871,PSI*,PSI*,M,M,True,0.73645425
12,1651,1657,MP*1,MP*1,M,M,True,0.70683289
12,1657,1674,MP*1,MP*1,M,M,True,0.70683289
12,1164,1657,MP*1,MP*1,M,M,True,0.70683289
12,1622,1657,MP*1,MP*1,M,M,True,0.58719361
12,1181,1657,MP*1,MP*1,M,M,True,0.58719361
12,1660,1679,MP*1,MP*1,F,M,True,0.5682323
12,1649,1657,MP*1,MP*1,F,M,True,0.56607753
12,660,681,PC,PC,M,F,True,0.54924101
12,888,895,PC*,PC*,M,F,True,0.54924101
12,809,819,PC*,PC*,M,F,True,0.54924101
12,628,654,PC,PC,F,M,True,0.54924101
12,665,691,MP*2,MP*2,F,M,True,0.54924101
12,867,873,PSI*,PSI*,M,F,True,0.54924101
12,685,695,MP*2,MP*2,F,M,True,0.54924101
12,817,823,PC*,PC*,F,M,True,0.54924101
12,1108,1601,MP*1,MP*1,M,M,True,0.5
12,603,684,MP*2,MP*2,M,M,True,0.5
12,616,692,PC,PC,M,M,True,0.5
12,848,857,PSI*,PSI*,M,M,True,0.5
12,1148,1190,MP*1,MP*1,M,M,True,0.5
12,626,698,PC,PC,M,M,True,0.5
12,627,635,PC,PC,F,F,True,0.5
12,838,852,PSI*,PSI*,F,F,True,0.5
12,652,658,PC,PC,M,M,True,0.5
12,656,682,PC,PC,M,M,True,0.5
12,892,893,PC*,PC*,M,M,True,0.5
12,803,849,PC*,PC*,F,F,True,0.5
12,1170,1672,MP*1,MP*1,M,M,True,0.49999988
12,1632,1856,MP*1,MP*1,M,M,True,0.49999988
12,1613,1672,MP*1,MP*1,M,M,True,0.49999988
12,1632,1671,MP*1,MP*1,M,M,True,0.49999988
12,1660,1662,MP*1,MP*1,F,F,True,0.47785074
12,600,609,PC,PC,F,M,True,0.42568946
12,600,613,PC,PC,F,M,True,0.42568946
12,826,845,PSI*,PSI*,M,F,True,0.41127923
12,889,894,PC*,PC*,M,M,True,0.33333334
12,887,891,PC*,PC*,M,M,True,0.33333334
12,887,898,PC*,PC*,M,M,True,0.33333334
12,880,882,PC*,PC*,M,M,True,0.33333334
12,882,889,PC*,PC*,M,M,True,0.33333334
12,880,891,PC*,PC*,M,M,True,0.33333334
12,891,898,PC*,PC*,M,M,True,0.24999997
12,882,894,PC*,PC*,M,M,True,0.24999997
12,894,898,PC*,PC*,M,M,True,0.24999997
12,1181,1622,MP*1,MP*1,M,M,True,0.20640317
12,891,894,PC*,PC*,M,M,True,0.2
13,821,823,PC*,PC*,M,M,True,0.74757981
13,1164,1657,MP*1,MP*1,M,M,True,0.72689176
13,612,1657,MP*2,MP*1,M,M,False,0.72689176
13,648,651,PC,PC,M,M,True,0.66393673
13,660,682,PC,PC,M,M,True,0.65292031
13,690,866,PC,PSI*,M,M,False,0.64658689
13,613,652,PC,PC,M,M,True,0.63924217
13,810,853,PSI*,PSI*,M,F,True,0.62190479
13,809,880,PC*,PC*,M,M,True,0.60466003
13,1190,1660,MP*1,MP*1,M,F,True,0.58987457
13,600,613,PC,PC,F,M,True,0.58676648
13,826,848,PSI*,PSI*,M,M,True,0.58629555
13,826,857,PSI*,PSI*,M,M,True,0.58629555
13,634,853,PSI*,PSI*,M,F,True,0.57423103
13,1148,1190,MP*1,MP*1,M,M,True,0.56154108
13,810,869,PSI*,PSI*,M,M,True,0.56108075
13,650,1667,MP*2,MP*1,M,M,False,0.5480029
13,1660,1679,MP*1,MP*1,F,M,True,0.54662192
13,867,873,PSI*,PSI*,M,F,True,0.54662192
13,606,1622,MP*2,MP*1,F,M,False,0.54511106
13,826,852,PSI*,PSI*,M,F,True,0.53633898
13,660,681,PC,PC,M,F,True,0.52444106
13,809,819,PC*,PC*,M,F,True,0.52444106
13,610,613,PC,PC,M,M,True,0.51998401
13,810,843,PSI*,PSI*,M,M,True,0.51058847
13,603,684,MP*2,MP*2,M,M,True,0.5
13,609,690,PC,PC,M,M,True,0.5
13,616,692,PC,PC,M,M,True,0.5
13,626,698,PC,PC,M,M,True,0.5
13,892,893,PC*,PC*,M,M,True,0.5
13,803,849,PC*,PC*,F,F,True,0.5
13,807,815,PC*,PC*,M,M,True,0.5
13,1170,1672,MP*1,MP*1,M,M,True,0.5
13,824,849,PC*,PC*,F,F,True,0.5
13,1492,1628,MP*1,MP*1,M,M,True,0.5
13,611,649,MP*2,MP*2,M,M,True,0.5
13,638,689,MP*2,MP*2,M,M,True,0.5
13,686,696,PC,PC,F,F,True,0.5
13,851,868,PSI*,PSI*,M,M,True,0.5
13,851,864,PSI*,PSI*,M,M,True,0.5
13,629,1613,MP*2,MP*1,M,M,False,0.5
13,676,843,PSI*,PSI*,M,M,True,0.5
13,888,890,PC*,PC*,M,M,True,0.5
13,891,898,PC*,PC*,M,M,True,0.5
13,814,895,PC*,PC*,F,F,True,0.5
13,806,887,PC*,PC*,M,M,True,0.5
13,845,852,PSI*,PSI*,F,F,True,0.4846043
13,644,667,PC,PC,F,F,True,0.47734392
13,853,862,PSI*,PSI*,F,F,True,0.47323844
13,830,854,PSI*,PSI*,M,F,True,0.46802843
13,1613,1657,MP*1,MP*1,M,M,True,0.45880455
13,1108,1190,MP*1,MP*1,M,M,True,0.43585971
13,1181,1662,MP*1,MP*1,M,F,True,0.43365872
13,623,651,PC,PC,F,M,True,0.43012089
13,685,695,MP*2,MP*2,F,M,True,0.42220509
13,1649,1651,MP*1,MP*1,F,M,True,0.42220509
13,684,699,MP*2,MP*2,M,M,True,0.42144018
13,641,699,MP*2,MP*2,M,M,True,0.42144015
13,615,620,MP*2,MP*2,F,M,True,0.40075907
13,1144,1658,MP*1,MP*1,F,M,True,0.38474482
13,854,866,PSI*,PSI*,F,M,True,0.38231218
13,1657,1674,MP*1,MP*1,M,M,True,0.37748319
13,615,691,MP*2,MP*2,F,M,True,0.36907256
13,650,1144,MP*2,MP*1,M,F,False,0.3655318
13,627,635,PC,PC,F,F,True,0.35637033
13,817,847,PC*,PC*,F,F,True,0.3559894
13,685,699,MP*2,MP*2,F,M,True,0.35188916
13,827,852,PSI*,PSI*,M,F,True,0.3517276
13,813,838,PSI*,PSI*,F,F,True,0.34003824
13,1657,1662,MP*1,MP*1,M,F,True,0.33619604
13,652,658,PC,PC,M,M,True,0.33333334
13,656,682,PC,PC,M,M,True,0.33333334
13,1629,1856,MP*1,MP*1,M,M,True,0.33333334
13,815,897,PC*,PC*,M,M,True,0.33333334
13,893,897,PC*,PC*,M,M,True,0.33333334
13,610,658,PC,PC,M,M,True,0.33333334
13,1492,1678,MP*1,MP*1,M,M,True,0.33333334
13,1601,1644,MP*1,MP*1,M,M,True,0.33333334
13,1629,1678,MP*1,MP*1,M,M,True,0.33333334
13,1629,1644,MP*1,MP*1,M,M,True,0.33333334
13,1601,1856,MP*1,MP*1,M,M,True,0.33333334
13,638,641,MP*2,MP*2,M,M,True,0.33333334
13,610,661,PC,PC,M,M,True,0.33333334
13,616,661,PC,PC,M,M,True,0.33333334
13,656,1645,PC,MP*1,M,M,False,0.33333334
13,641,646,MP*2,MP*2,M,M,True,0.33333334
13,646,1613,MP*2,MP*1,M,M,False,0.33333334
13,806,880,PC*,PC*,M,M,True,0.33333334
13,889,894,PC*,PC*,M,M,True,0.33333334
13,882,889,PC*,PC*,M,M,True,0.33333334
13,882,894,PC*,PC*,M,M,True,0.33333334
13,813,852,PSI*,PSI*,F,F,True,0.31992352
13,817,823,PC*,PC*,F,M,True,0.30682242
13,823,847,PC*,PC*,M,F,True,0.30682242
13,623,654,PC,PC,F,M,True,0.30496156
13,1660,1662,MP*1,MP*1,F,F,True,0.30234832
13,628,696,PC,PC,F,F,True,0.29858914
13,635,651,PC,PC,F,M,True,0.29714626
13,644,651,PC,PC,F,M,True,0.29008561
13,1649,1657,MP*1,MP*1,F,M,True,0.28908664
13,827,871,PSI*,PSI*,M,M,True,0.28818181
13,1190,1632,MP*1,MP*1,M,M,True,0.28430223
13,674,1658,MP*2,MP*1,M,M,False,0.28082561
13,628,654,PC,PC,F,M,True,0.27546376
13,620,674,MP*2,MP*2,M,M,True,0.27410072
13,827,853,PSI*,PSI*,M,F,True,0.26281336
13,830,869,PSI*,PSI*,M,M,True,0.26080829
13,1613,1672,MP*1,MP*1,M,M,True,0.25
13,1632,1671,MP*1,MP*1,M,M,True,0.25
13,1645,1671,MP*1,MP*1,M,M,True,0.25
13,1645,1672,MP*1,MP*1,M,M,True,0.25
13,1108,1671,MP*1,MP*1,M,M,True,0.25
13,610,616,PC,PC,M,M,True,0.25
13,880,891,PC*,PC*,M,M,True,0.25
13,891,894,PC*,PC*,M,M,True,0.25
13,651,654,PC,PC,M,M,True,0.24444629
13,627,628,PC,PC,F,F,True,0.24305502
13,1181,1674,MP*1,MP*1,M,M,True,0.2321704
13,628,866,PC,PSI*,F,M,False,0.2311193
13,627,651,PC,PC,F,M,True,0.22717075
13,866,871,PSI*,PSI*,M,M,True,0.22174367
13,830,843,PSI*,PSI*,M,M,True,0.21703507
13,691,695,MP*2,MP*2,M,M,True,0.2083883
13,848,857,PSI*,PSI*,M,M,True,0.20685221
13,838,854,PSI*,PSI*,F,F,True,0.20333585
13,1492,1613,MP*1,MP*1,M,M,True,0.2
13,1148,1492,MP*1,MP*1,M,M,True,0.2
13,838,852,PSI*,PSI*,F,F,True,0.19769019
13,695,699,MP*2,MP*2,M,M,True,0.19485785
13,650,674,MP*2,MP*2,M,M,True,0.19318487
13,674,1144,MP*2,MP*1,M,F,False,0.19076854
13,852,854,PSI*,PSI*,F,F,True,0.19031155
13,838,853,PSI*,PSI*,F,F,True,0.1891399
13,1651,1657,MP*1,MP*1,M,M,True,0.18793043
13,634,871,PSI*,PSI*,M,M,True,0.18312415
13,853,854,PSI*,PSI*,F,F,True,0.18162608
13,1181,1632,MP*1,MP*1,M,M,True,0.17472985
13,699,1632,MP*2,MP*1,M,M,False,0.17472973
13,610,648,PC,PC,M,M,True,0.16803166
13,1108,1601,MP*1,MP*1,M,M,True,0.16666667
13,1629,1667,MP*1,MP*1,M,M,True,0.16666667
13,1108,1645,MP*1,MP*1,M,M,True,0.16666667
13,1601,1645,MP*1,MP*1,M,M,True,0.16666667
13,1601,1667,MP*1,MP*1,M,M,True,0.16666667
13,1108,1629,MP*1,MP*1,M,M,True,0.16666667
13,634,866,PSI*,PSI*,M,M,True,0.16496675
13,628,651,PC,PC,F,M,True,0.15631449
13,1622,1657,MP*1,MP*1,M,M,True,0.14923161
13,1181,1651,MP*1,MP*1,M,M,True,0.14861527
13,1148,1613,MP*1,MP*1,M,M,True,0.14615299
13,691,699,MP*2,MP*2,M,M,True,0.14274487
13,852,853,PSI*,PSI*,F,F,True,0.14138474
13,674,691,MP*2,MP*2,M,M,True,0.1374303
13,1181,1622,MP*1,MP*1,M,M,True,0.12903401
13,827,830,PSI*,PSI*,M,M,True,0.1231202
13,826,827,PSI*,PSI*,M,M,True,0.12153105
13,684,1674,MP*2,MP*1,M,M,False,0.11571196
13,641,684,MP*2,MP*2,M,M,True,0.11571196
13,684,1632,MP*2,MP*1,M,M,False,0.11571196
13,641,1674,MP*2,MP*1,M,M,False,0.11571196
13,826,871,PSI*,PSI*,M,M,True,0.11356936
13,1108,1667,MP*1,MP*1,M,M,True,0.11299928
13,830,871,PSI*,PSI*,M,M,True,0.10715213
13,830,866,PSI*,PSI*,M,M,True,0.10179994
13,1181,1657,MP*1,MP*1,M,M,True,0.10068449
13,1632,1674,MP*1,MP*1,M,M,True,0.09758662
13,1108,1632,MP*1,MP*1,M,M,True,0.08059147
13,826,830,PSI*,PSI*,M,M,True,0.07153843
14,821,823,PC*,PC*,M,M,True,0.74718791
14,690,866,PC,PSI*,M,M,False,0.73881888
14,1164,1657,MP*1,MP*1,M,M,True,0.70534205
14,612,1657,MP*2,MP*1,M,M,False,0.70534205
14,648,651,PC,PC,M,M,True,0.66344225
14,660,682,PC,PC,M,M,True,0.65140712
14,613,652,PC,PC,M,M,True,0.63727593
14,667,698,PC,PC,F,M,True,0.63688856
14,810,853,PSI*,PSI*,M,F,True,0.6200664
14,1190,1660,MP*1,MP*1,M,F,True,0.61309606
14,826,848,PSI*,PSI*,M,M,True,0.60254157
14,826,857,PSI*,PSI*,M,M,True,0.60254157
14,616,692,PC,PC,M,M,True,0.60245466
14,600,613,PC,PC,F,M,True,0.58625793
14,660,681,PC,PC,M,F,True,0.57463622
14,880,891,PC*,PC*,M,M,True,0.57038474
14,634,853,PSI*,PSI*,M,F,True,0.5673427
14,606,1622,MP*2,MP*1,F,M,False,0.56066227
14,1148,1190,MP*1,MP*1,M,M,True,0.55873621
14,810,869,PSI*,PSI*,M,M,True,0.55613315
14,1649,1651,MP*1,MP*1,F,M,True,0.55577123
14,650,1667,MP*2,MP*1,M,M,False,0.54448193
14,826,852,PSI*,PSI*,M,F,True,0.54315519
14,886,895,PC*,PC*,M,F,True,0.53517896
14,810,843,PSI*,PSI*,M,M,True,0.50521839
14,603,618,MP*2,PC,M,F,False,0.50261974
14,623,651,PC,PC,F,M,True,0.50222158
14,893,897,PC*,PC*,M,M,True,0.5
14,807,815,PC*,PC*,M,M,True,0.5
14,1170,1672,MP*1,MP*1,M,M,True,0.5
14,824,849,PC*,PC*,F,F,True,0.5
14,1492,1628,MP*1,MP*1,M,M,True,0.5
14,611,649,MP*2,MP*2,M,M,True,0.5
14,638,689,MP*2,MP*2,M,M,True,0.5
14,686,696,PC,PC,F,F,True,0.5
14,851,868,PSI*,PSI*,M,M,True,0.5
14,851,864,PSI*,PSI*,M,M,True,0.5
14,629,1613,MP*2,MP*1,M,M,False,0.5
14,676,843,PSI*,PSI*,M,M,True,0.5
14,888,890,PC*,PC*,M,M,True,0.5
14,891,898,PC*,PC*,M,M,True,0.5
14,841,873,PSI*,PSI*,F,F,True,0.5
14,651,654,PC,PC,M,M,True,0.49974766
14,1181,1674,MP*1,MP*1,M,M,True,0.48632824
14,845,852,PSI*,PSI*,F,F,True,0.48432979
14,853,862,PSI*,PSI*,F,F,True,0.47304028
14,684,699,MP*2,MP*2,M,M,True,0.45911747
14,830,854,PSI*,PSI*,M,F,True,0.45634151
14,618,692,PC,PC,F,M,True,0.45435995
14,1181,1662,MP*1,MP*1,M,F,True,0.44619483
14,615,620,MP*2,MP*2,F,M,True,0.43229812
14,1108,1190,MP*1,MP*1,M,M,True,0.43110287
14,1657,1662,MP*1,MP*1,M,F,True,0.42974421
14,641,699,MP*2,MP*2,M,M,True,0.4188188
14,685,695,MP*2,MP*2,F,M,True,0.41548228
14,1660,1662,MP*1,MP*1,F,F,True,0.4120734
14,1613,1658,MP*1,MP*1,M,M,True,0.41052163
14,610,698,PC,PC,M,M,True,0.38733235
14,827,852,PSI*,PSI*,M,F,True,0.3825416
14,822,880,PC*,PC*,F,M,True,0.36861175
14,1144,1658,MP*1,MP*1,F,M,True,0.367661
14,650,1144,MP*2,MP*1,M,F,False,0.367661
14,644,667,PC,PC,F,F,True,0.36501938
14,814,895,PC*,PC*,F,F,True,0.3642652
14,615,691,MP*2,MP*2,F,M,True,0.36215991
14,627,635,PC,PC,F,F,True,0.35516721
14,817,847,PC*,PC*,F,F,True,0.35461295
14,814,880,PC*,PC*,F,M,True,0.35150808
14,822,887,PC*,PC*,F,M,True,0.3474071
14,685,699,MP*2,MP*2,F,M,True,0.34544748
14,854,866,PSI*,PSI*,F,M,True,0.34369528
14,809,895,PC*,PC*,M,F,True,0.34020934
14,813,838,PSI*,PSI*,F,F,True,0.34015533
14,806,880,PC*,PC*,M,M,True,0.34007025
14,809,812,PC*,PC*,M,M,True,0.34007025
14,812,880,PC*,PC*,M,M,True,0.34007025
14,806,809,PC*,PC*,M,M,True,0.34007025
14,817,823,PC*,PC*,F,M,True,0.33416164
14,823,847,PC*,PC*,M,F,True,0.33416164
14,652,658,PC,PC,M,M,True,0.33333334
14,1629,1856,MP*1,MP*1,M,M,True,0.33333334
14,815,897,PC*,PC*,M,M,True,0.33333334
14,610,658,PC,PC,M,M,True,0.33333334
14,1492,1678,MP*1,MP*1,M,M,True,0.33333334
14,1645,1671,MP*1,MP*1,M,M,True,0.33333334
14,1601,1644,MP*1,MP*1,M,M,True,0.33333334
14,1645,1672,MP*1,MP*1,M,M,True,0.33333334
14,1629,1678,MP*1,MP*1,M,M,True,0.33333334
14,1629,1644,MP*1,MP*1,M,M,True,0.33333334
14,1601,1856,MP*1,MP*1,M,M,True,0.33333334
14,656,682,PC,PC,M,M,True,0.33333334
14,1108,1671,MP*1,MP*1,M,M,True,0.33333334
14,638,641,MP*2,MP*2,M,M,True,0.33333334
14,610,661,PC,PC,M,M,True,0.33333334
14,616,661,PC,PC,M,M,True,0.33333334
14,656,1645,PC,MP*1,M,M,False,0.33333334
14,641,646,MP*2,MP*2,M,M,True,0.33333334
14,646,1613,MP*2,MP*1,M,M,False,0.33333334
14,882,889,PC*,PC*,M,M,True,0.33333334
14,882,894,PC*,PC*,M,M,True,0.33333334
14,813,852,PSI*,PSI*,F,F,True,0.31968933
14,809,819,PC*,PC*,M,F,True,0.31529045
14,819,880,PC*,PC*,F,M,True,0.31529045
14,827,871,PSI*,PSI*,M,M,True,0.31411096
14,880,887,PC*,PC*,M,M,True,0.31058633
14,628,696,PC,PC,F,F,True,0.30808857
14,644,651,PC,PC,F,M,True,0.30280739
14,635,651,PC,PC,F,M,True,0.29955003
14,628,866,PC,PSI*,F,M,False,0.28583449
14,623,654,PC,PC,F,M,True,0.28509349
14,827,853,PSI*,PSI*,M,F,True,0.2824662
14,1190,1632,MP*1,MP*1,M,M,True,0.27844751
14,830,869,PSI*,PSI*,M,M,True,0.26503861
14,627,628,PC,PC,F,F,True,0.25096455
14,889,894,PC*,PC*,M,M,True,0.25
14,891,894,PC*,PC*,M,M,True,0.25
14,889,891,PC*,PC*,M,M,True,0.25
14,866,871,PSI*,PSI*,M,M,True,0.24733424
14,620,674,MP*2,MP*2,M,M,True,0.2419208
14,610,613,PC,PC,M,M,True,0.23066327
14,627,651,PC,PC,F,M,True,0.22656432
14,830,843,PSI*,PSI*,M,M,True,0.22103602
14,1181,1632,MP*1,MP*1,M,M,True,0.2147474
14,691,695,MP*2,MP*2,M,M,True,0.20874241
14,634,871,PSI*,PSI*,M,M,True,0.20792492
14,838,854,PSI*,PSI*,F,F,True,0.20240572
14,674,1144,MP*2,MP*1,M,F,False,0.20219952
14,1181,1651,MP*1,MP*1,M,M,True,0.20187396
14,1492,1613,MP*1,MP*1,M,M,True,0.2
14,1148,1492,MP*1,MP*1,M,M,True,0.2
14,848,857,PSI*,PSI*,M,M,True,0.19872922
14,674,1658,MP*2,MP*1,M,M,False,0.1980249
14,650,674,MP*2,MP*2,M,M,True,0.1980249
14,838,852,PSI*,PSI*,F,F,True,0.19758445
14,695,699,MP*2,MP*2,M,M,True,0.19537628
14,806,887,PC*,PC*,M,M,True,0.19147435
14,812,887,PC*,PC*,M,M,True,0.19147435
14,1622,1657,MP*1,MP*1,M,M,True,0.19137898
14,852,854,PSI*,PSI*,F,F,True,0.18920346
14,838,853,PSI*,PSI*,F,F,True,0.18909693
14,628,651,PC,PC,F,M,True,0.18425283
14,853,854,PSI*,PSI*,F,F,True,0.18061785
14,1613,1657,MP*1,MP*1,M,M,True,0.17939246
14,699,1632,MP*2,MP*1,M,M,False,0.17892122
14,634,866,PSI*,PSI*,M,M,True,0.1692753
14,610,648,PC,PC,M,M,True,0.16827887
14,1108,1601,MP*1,MP*1,M,M,True,0.16666667
14,1629,1667,MP*1,MP*1,M,M,True,0.16666667
14,1108,1645,MP*1,MP*1,M,M,True,0.16666667
14,1601,1645,MP*1,MP*1,M,M,True,0.16666667
14,1601,1667,MP*1,MP*1,M,M,True,0.16666667
14,1108,1629,MP*1,MP*1,M,M,True,0.16666667
14,809,880,PC*,PC*,M,M,True,0.16178921
14,1148,1613,MP*1,MP*1,M,M,True,0.14708793
14,691,699,MP*2,MP*2,M,M,True,0.14499405
14,852,853,PSI*,PSI*,F,F,True,0.14053054
14,674,691,MP*2,MP*2,M,M,True,0.13973245
14,684,1674,MP*2,MP*1,M,M,False,0.13522063
14,641,684,MP*2,MP*2,M,M,True,0.13522063
14,684,1632,MP*2,MP*1,M,M,False,0.13522063
14,826,827,PSI*,PSI*,M,M,True,0.13430583
14,610,616,PC,PC,M,M,True,0.1325151
14,641,1674,MP*2,MP*1,M,M,False,0.12841794
14,1632,1674,MP*1,MP*1,M,M,True,0.12841794
14,830,871,PSI*,PSI*,M,M,True,0.12725981
14,827,830,PSI*,PSI*,M,M,True,0.12544984
14,1108,1667,MP*1,MP*1,M,M,True,0.11387952
14,830,866,PSI*,PSI*,M,M,True,0.10426106
14,1181,1657,MP*1,MP*1,M,M,True,0.09546158
14,826,830,PSI*,PSI*,M,M,True,0.08265436
14,1108,1632,MP*1,MP*1,M,M,True,0.08197097
15,626,698,PC,PC,M,M,True,0.64170486
15,610,698,PC,PC,M,M,True,0.58846915
15,669,698,MP*2,PC,M,M,False,0.58846915
15,854,866,PSI*,PSI*,F,M,True,0.53592134
15,677,698,MP*2,PC,M,M,False,0.52527642
15,848,857,PSI*,PSI*,M,M,True,0.5
15,810,843,PSI*,PSI*,M,M,True,0.5
15,891,898,PC*,PC*,M,M,True,0.5
15,838,852,PSI*,PSI*,F,F,True,0.5
15,841,873,PSI*,PSI*,F,F,True,0.5
15,889,891,PC*,PC*,M,M,True,0.5
15,882,894,PC*,PC*,M,M,True,0.5
15,827,871,PSI*,PSI*,M,M,True,0.5
15,1613,1658,MP*1,MP*1,M,M,True,0.5
15,1108,1618,MP*1,MP*1,M,M,True,0.5
15,1108,1644,MP*1,MP*1,M,M,True,0.5
15,1601,1629,MP*1,MP*1,M,M,True,0.5
15,1628,1671,MP*1,MP*1,M,M,True,0.5
15,1629,1856,MP*1,MP*1,M,M,True,0.5
15,1671,1674,MP*1,MP*1,M,M,True,0.5
15,1629,1667,MP*1,MP*1,M,M,True,0.5
15,677,1148,MP*2,MP*1,M,M,False,0.5
15,618,692,PC,PC,F,M,True,0.42455864
15,603,618,MP*2,PC,M,F,False,0.42455864
15,644,667,PC,PC,F,F,True,0.39437699
15,812,880,PC*,PC*,M,M,True,0.37297565
15,886,895,PC*,PC*,M,F,True,0.34124231
15,814,886,PC*,PC*,F,M,True,0.33467758
15,891,894,PC*,PC*,M,M,True,0.33333334
15,1164,1657,MP*1,MP*1,M,M,True,0.33333334
15,1622,1657,MP*1,MP*1,M,M,True,0.33333334
15,1164,1622,MP*1,MP*1,M,M,True,0.33333334
15,667,698,PC,PC,F,M,True,0.3280108
15,644,698,PC,PC,F,M,True,0.3280108
15,822,880,PC*,PC*,F,M,True,0.32101309
15,809,812,PC*,PC*,M,M,True,0.31242907
15,809,895,PC*,PC*,M,F,True,0.30463073
15,880,887,PC*,PC*,M,M,True,0.29852465
15,819,880,PC*,PC*,F,M,True,0.28378269
15,806,822,PC*,PC*,M,F,True,0.26956517
15,814,895,PC*,PC*,F,F,True,0.25473112
15,814,880,PC*,PC*,F,M,True,0.25296956
15,641,646,MP*2,MP*2,M,M,True,0.25
15,641,699,MP*2,MP*2,M,M,True,0.25
15,1108,1671,MP*1,MP*1,M,M,True,0.25
15,646,1645,MP*2,MP*1,M,M,False,0.25
15,699,1645,MP*2,MP*1,M,M,False,0.25
15,641,1645,MP*2,MP*1,M,M,False,0.25
15,646,699,MP*2,MP*2,M,M,True,0.25
15,806,887,PC*,PC*,M,M,True,0.24737653
15,809,819,PC*,PC*,M,F,True,0.24142501
15,806,819,PC*,PC*,M,F,True,0.24142501
15,822,887,PC*,PC*,F,M,True,0.22144651
15,806,880,PC*,PC*,M,M,True,0.21382517
15,812,887,PC*,PC*,M,M,True,0.18614657
15,610,626,PC,PC,M,M,True,0.17914762
15,806,809,PC*,PC*,M,M,True,0.1789372
15,809,880,PC*,PC*,M,M,True,0.1757323
15,641,677,MP*2,MP*2,M,M,True,0.16666667
15,641,669,MP*2,MP*2,M,M,True,0.16666667
15,610,677,PC,MP*2,M,M,False,0.13717698
15,669,677,MP*2,MP*2,M,M,True,0.13717698
16,634,866,PSI*,PSI*,M,M,True,0.73894811
16,626,698,PC,PC,M,M,True,0.63668001
16,854,866,PSI*,PSI*,F,M,True,0.62824637
16,610,698,PC,PC,M,M,True,0.58132952
16,641,669,MP*2,MP*2,M,M,True,0.5434199
16,813,854,PSI*,PSI*,F,F,True,0.51560879
16,838,852,PSI*,PSI*,F,F,True,0.5
16,848,857,PSI*,PSI*,M,M,True,0.5
16,827,871,PSI*,PSI*,M,M,True,0.5
16,1108,1618,MP*1,MP*1,M,M,True,0.5
16,1108,1644,MP*1,MP*1,M,M,True,0.5
16,1601,1629,MP*1,MP*1,M,M,True,0.5
16,1628,1671,MP*1,MP*1,M,M,True,0.5
16,1629,1856,MP*1,MP*1,M,M,True,0.5
16,1671,1674,MP*1,MP*1,M,M,True,0.5
16,1629,1667,MP*1,MP*1,M,M,True,0.5
16,677,1148,MP*2,MP*1,M,M,False,0.5
16,810,843,PSI*,PSI*,M,M,True,0.5
16,826,827,PSI*,PSI*,M,M,True,0.5
16,867,868,PSI*,PSI*,M,M,True,0.5
16,620,622,MP*2,MP*2,M,M,True,0.5
16,813,873,PSI*,PSI*,F,F,True,0.5
16,813,853,PSI*,PSI*,F,F,True,0.5
16,644,667,PC,PC,F,F,True,0.4137435
16,813,841,PSI*,PSI*,F,F,True,0.38971591
16,841,1658,PSI*,MP*1,F,M,False,0.34631389
16,668,841,MP*2,PSI*,F,F,False,0.34487593
16,891,894,PC*,PC*,M,M,True,0.33333334
16,891,898,PC*,PC*,M,M,True,0.33333334
16,1164,1657,MP*1,MP*1,M,M,True,0.33333334
16,1622,1657,MP*1,MP*1,M,M,True,0.33333334
16,1164,1622,MP*1,MP*1,M,M,True,0.33333334
16,646,1645,MP*2,MP*1,M,M,False,0.33333334
16,646,699,MP*2,MP*2,M,M,True,0.33333334
16,894,898,PC*,PC*,M,M,True,0.33333334
16,677,698,MP*2,PC,M,M,False,0.31833994
16,669,677,MP*2,MP*2,M,M,True,0.31833994
16,644,698,PC,PC,F,M,True,0.31199384
16,667,698,PC,PC,F,M,True,0.31199384
16,886,895,PC*,PC*,M,F,True,0.28484431
16,669,841,MP*2,PSI*,M,F,False,0.28032094
16,814,888,PC*,PC*,F,M,True,0.27674007
16,822,888,PC*,PC*,F,M,True,0.27484506
16,668,1658,MP*2,MP*1,F,M,False,0.27455825
16,814,886,PC*,PC*,F,M,True,0.26936439
16,641,699,MP*2,MP*2,M,M,True,0.25
16,1108,1671,MP*1,MP*1,M,M,True,0.25
16,699,1645,MP*2,MP*1,M,M,False,0.25
16,641,1645,MP*2,MP*1,M,M,False,0.25
16,806,887,PC*,PC*,M,M,True,0.24122101
16,812,887,PC*,PC*,M,M,True,0.24122101
16,888,895,PC*,PC*,M,F,True,0.22785598
16,668,669,MP*2,MP*2,F,M,True,0.21372181
16,809,819,PC*,PC*,M,F,True,0.21019073
16,812,819,PC*,PC*,M,F,True,0.18847665
16,806,819,PC*,PC*,M,F,True,0.18847664
16,669,1658,MP*2,MP*1,M,M,False,0.18687697
16,610,626,PC,PC,M,M,True,0.18166003
16,809,880,PC*,PC*,M,M,True,0.17944762
16,819,887,PC*,PC*,F,M,True,0.17885908
16,880,887,PC*,PC*,M,M,True,0.17842537
16,814,895,PC*,PC*,F,F,True,0.17003319
16,880,895,PC*,PC*,M,F,True,0.16069563
16,819,895,PC*,PC*,F,F,True,0.15997273
16,814,887,PC*,PC*,F,M,True,0.15891476
16,812,880,PC*,PC*,M,M,True,0.15694219
16,806,880,PC*,PC*,M,M,True,0.15694219
16,809,812,PC*,PC*,M,M,True,0.15380853
16,806,809,PC*,PC*,M,M,True,0.15380853
16,887,895,PC*,PC*,M,F,True,0.1522173
16,809,822,PC*,PC*,M,F,True,0.14893605
16,806,822,PC*,PC*,M,F,True,0.1400311
16,812,822,PC*,PC*,M,F,True,0.1400311
16,610,677,PC,MP*2,M,M,False,0.13955684
16,822,887,PC*,PC*,F,M,True,0.139485
16,819,880,PC*,PC*,F,M,True,0.13838816
16,819,822,PC*,PC*,F,F,True,0.1247099
16,641,677,MP*2,MP*2,M,M,True,0.11414503
16,822,880,PC*,PC*,F,M,True,0.10261802
16,669,698,MP*2,PC,M,M,False,0.09611949
17,810,843,PSI*,PSI*,M,M,True,0.7447505
17,669,677,MP*2,MP*2,M,M,True,0.74116778
17,634,866,PSI*,PSI*,M,M,True,0.7367695
17,854,866,PSI*,PSI*,F,M,True,0.64081699
17,887,894,PC*,PC*,M,M,True,0.59940743
17,641,887,MP*2,PC*,M,M,False,0.59940743
17,848,857,PSI*,PSI*,M,M,True,0.5
17,826,827,PSI*,PSI*,M,M,True,0.5
17,867,868,PSI*,PSI*,M,M,True,0.5
17,620,622,MP*2,MP*2,M,M,True,0.5
17,641,871,MP*2,PSI*,M,M,False,0.5
17,610,698,PC,PC,M,M,True,0.5
17,892,896,PC*,PC*,M,M,True,0.5
17,807,893,PC*,PC*,M,M,True,0.5
17,841,849,PSI*,PC*,F,F,False,0.42403668
17,803,841,PC*,PSI*,F,F,False,0.42403668
17,810,813,PSI*,PSI*,M,F,True,0.39053738
17,841,1658,PSI*,MP*1,F,M,False,0.3794969
17,668,841,MP*2,PSI*,F,F,False,0.3764196
17,852,855,PSI*,PSI*,F,F,True,0.36301464
17,669,841,MP*2,PSI*,M,F,False,0.35584828
17,838,852,PSI*,PSI*,F,F,True,0.3505736
17,853,854,PSI*,PSI*,F,F,True,0.34519088
17,855,873,PSI*,PSI*,F,F,True,0.33406425
17,891,898,PC*,PC*,M,M,True,0.33333334
17,891,894,PC*,PC*,M,M,True,0.33333334
17,894,898,PC*,PC*,M,M,True,0.33333334
17,641,857,MP*2,PSI*,M,M,False,0.33333334
17,892,893,PC*,PC*,M,M,True,0.33333334
17,813,853,PSI*,PSI*,F,F,True,0.32531613
17,810,873,PSI*,PSI*,M,F,True,0.32504538
17,813,838,PSI*,PSI*,F,F,True,0.2988528
17,813,854,PSI*,PSI*,F,F,True,0.28479037
17,813,873,PSI*,PSI*,F,F,True,0.27679303
17,814,888,PC*,PC*,F,M,True,0.26824996
17,806,819,PC*,PC*,M,F,True,0.26347449
17,668,1658,MP*2,MP*1,F,M,False,0.24209896
17,812,819,PC*,PC*,M,F,True,0.23140565
17,809,819,PC*,PC*,M,F,True,0.23140565
17,814,895,PC*,PC*,F,F,True,0.22142906
17,668,669,MP*2,MP*2,F,M,True,0.21875465
17,822,888,PC*,PC*,F,M,True,0.21419682
17,888,895,PC*,PC*,M,F,True,0.21125437
17,806,887,PC*,PC*,M,M,True,0.20543608
17,880,888,PC*,PC*,M,M,True,0.20128711
17,814,887,PC*,PC*,F,M,True,0.19626677
17,814,819,PC*,PC*,F,F,True,0.19126692
17,669,1658,MP*2,MP*1,M,M,False,0.19048324
17,812,887,PC*,PC*,M,M,True,0.1787625
17,806,809,PC*,PC*,M,M,True,0.17876248
17,813,841,PSI*,PSI*,F,F,True,0.17188349
17,880,895,PC*,PC*,M,F,True,0.16553932
17,812,880,PC*,PC*,M,M,True,0.16413774
17,809,880,PC*,PC*,M,M,True,0.16413772
17,806,822,PC*,PC*,M,F,True,0.16059826
17,819,895,PC*,PC*,F,F,True,0.15510041
17,819,822,PC*,PC*,F,F,True,0.1519327
17,887,895,PC*,PC*,M,F,True,0.14711627
17,819,880,PC*,PC*,F,M,True,0.14345531
17,809,812,PC*,PC*,M,M,True,0.14286771
17,812,822,PC*,PC*,M,F,True,0.13995874
17,809,822,PC*,PC*,M,F,True,0.13995874
17,819,887,PC*,PC*,F,M,True,0.12559821
17,822,887,PC*,PC*,F,M,True,0.11648235
17,880,887,PC*,PC*,M,M,True,0.11002541
17,822,880,PC*,PC*,F,M,True,0.10822073
18,810,843,PSI*,PSI*,M,M,True,0.74431205
18,809,812,PC*,PC*,M,M,True,0.7360487
18,809,819,PC*,PC*,M,F,True,0.61744213
18,841,1658,PSI*,MP*1,F,M,False,0.60958475
18,814,887,PC*,PC*,F,M,True,0.60565931
18,887,894,PC*,PC*,M,M,True,0.59822488
18,822,888,PC*,PC*,F,M,True,0.54942667
18,641,887,MP*2,PC*,M,M,False,0.52891374
18,880,888,PC*,PC*,M,M,True,0.52620214
18,641,857,MP*2,PSI*,M,M,False,0.5
18,641,871,MP*2,PSI*,M,M,False,0.5
18,852,855,PSI*,PSI*,F,F,True,0.5
18,891,894,PC*,PC*,M,M,True,0.5
18,610,698,PC,PC,M,M,True,0.5
18,892,896,PC*,PC*,M,M,True,0.5
18,807,893,PC*,PC*,M,M,True,0.5
18,855,873,PSI*,PSI*,F,F,True,0.48669118
18,813,838,PSI*,PSI*,F,F,True,0.43762982
18,814,819,PC*,PC*,F,F,True,0.43560207
18,814,895,PC*,PC*,F,F,True,0.41968948
18,810,813,PSI*,PSI*,M,F,True,0.39474607
18,841,849,PSI*,PC*,F,F,False,0.38868892
18,803,841,PC*,PSI*,F,F,False,0.38868892
18,853,854,PSI*,PSI*,F,F,True,0.35892516
18,669,841,MP*2,PSI*,M,F,False,0.34276098
18,668,669,MP*2,MP*2,F,M,True,0.34276098
18,668,841,MP*2,PSI*,F,F,False,0.33564073
18,892,893,PC*,PC*,M,M,True,0.33333334
18,810,873,PSI*,PSI*,M,F,True,0.30500957
18,880,887,PC*,PC*,M,M,True,0.29681128
18,813,853,PSI*,PSI*,F,F,True,0.28214961
18,813,854,PSI*,PSI*,F,F,True,0.28214961
